INFO:aiogram.dispatcher:Start polling
INFO:aiogram.dispatcher:Run polling for bot @penisballstest_bot id=8922360706 - 'Test'
INFO:aiogram.event:Update id=785413395 is handled. Duration 825 ms by bot id=8922360706
INFO:aiogram.event:Update id=785413396 is handled. Duration 190 ms by bot id=8922360706
INFO:aiogram.event:Update id=785413397 is handled. Duration 174 ms by bot id=8922360706
INFO:aiogram.event:Update id=785413398 is handled. Duration 636 ms by bot id=8922360706
INFO:aiogram.event:Update id=785413399 is handled. Duration 718 ms by bot id=8922360706
INFO:aiogram.event:Update id=785413400 is handled. Duration 304 ms by bot id=8922360706
INFO:aiogram.event:Update id=785413401 is handled. Duration 314 ms by bot id=8922360706
INFO:aiogram.event:Update id=785413402 is handled. Duration 585 ms by bot id=8922360706
INFO:aiogram.event:Update id=785413403 is handled. Duration 579 ms by bot id=8922360706
INFO:aiogram.event:Update id=785413404 is handled. Duration 158 ms by bot id=8922360706
INFO:aiogram.event:Update id=785413405 is handled. Duration 573 ms by bot id=8922360706
INFO:aiogram.event:Update id=785413406 is handled. Duration 346 ms by bot id=8922360706
INFO:aiogram.event:Update id=785413407 is handled. Duration 250 ms by bot id=8922360706
INFO:aiogram.event:Update id=785413408 is handled. Duration 279 ms by bot id=8922360706
INFO:aiogram.event:Update id=785413409 is handled. Duration 279 ms by bot id=8922360706
INFO:aiogram.event:Update id=785413410 is handled. Duration 196 ms by bot id=8922360706
INFO:aiogram.event:Update id=785413411 is handled. Duration 285 ms by bot id=8922360706
INFO:aiogram.event:Update id=785413412 is handled. Duration 297 ms by bot id=8922360706
INFO:aiogram.event:Update id=785413413 is handled. Duration 279 ms by bot id=8922360706
INFO:aiogram.event:Update id=785413414 is handled. Duration 341 ms by bot id=8922360706
INFO:aiogram.event:Update id=785413415 is handled. Duration 322 ms by bot id=8922360706
INFO:aiogram.event:Update id=785413416 is handled. Duration 410 ms by bot id=8922360706
INFO:aiogram.event:Update id=785413417 is handled. Duration 160 ms by bot id=8922360706
INFO:aiogram.event:Update id=785413418 is handled. Duration 141 ms by bot id=8922360706
INFO:aiogram.event:Update id=785413419 is not handled. Duration 1 ms by bot id=8922360706
INFO:aiogram.event:Update id=785413420 is handled. Duration 212 ms by bot id=8922360706
INFO:aiogram.event:Update id=785413421 is handled. Duration 372 ms by bot id=8922360706
INFO:aiogram.event:Update id=785413422 is handled. Duration 223 ms by bot id=8922360706
INFO:aiogram.event:Update id=785413423 is handled. Duration 347 ms by bot id=8922360706
INFO:aiogram.event:Update id=785413424 is handled. Duration 301 ms by bot id=8922360706
INFO:aiogram.event:Update id=785413425 is handled. Duration 502 ms by bot id=8922360706
INFO:aiogram.event:Update id=785413426 is not handled. Duration 2 ms by bot id=8922360706
INFO:aiogram.event:Update id=785413427 is handled. Duration 155 ms by bot id=8922360706
INFO:aiogram.event:Update id=785413428 is handled. Duration 167 ms by bot id=8922360706
INFO:aiogram.event:Update id=785413429 is handled. Duration 146 ms by bot id=8922360706
INFO:aiogram.event:Update id=785413430 is handled. Duration 145 ms by bot id=8922360706
INFO:aiogram.event:Update id=785413431 is handled. Duration 514 ms by bot id=8922360706
INFO:aiogram.event:Update id=785413432 is handled. Duration 617 ms by bot id=8922360706
INFO:aiogram.event:Update id=785413433 is handled. Duration 144 ms by bot id=8922360706
INFO:aiogram.event:Update id=785413434 is handled. Duration 141 ms by bot id=8922360706
INFO:aiogram.event:Update id=785413435 is handled. Duration 151 ms by bot id=8922360706
INFO:aiogram.event:Update id=785413436 is handled. Duration 271 ms by bot id=8922360706
INFO:aiogram.event:Update id=785413437 is handled. Duration 217 ms by bot id=8922360706
INFO:aiogram.event:Update id=785413438 is handled. Duration 265 ms by bot id=8922360706
ERROR:aiogram.dispatcher:Failed to fetch updates - TelegramNetworkError: HTTP Client says - Request timeout error
WARNING:aiogram.dispatcher:Sleep for 1.000000 seconds and try again... (tryings = 0, bot id = 8922360706)
ERROR:aiogram.dispatcher:Failed to fetch updates - TelegramNetworkError: HTTP Client says - ClientConnectorError: Cannot connect to host api.telegram.org:443 ssl:default [None]
WARNING:aiogram.dispatcher:Sleep for 1.357956 seconds and try again... (tryings = 1, bot id = 8922360706)
ERROR:aiogram.dispatcher:Failed to fetch updates - TelegramNetworkError: HTTP Client says - Request timeout error
WARNING:aiogram.dispatcher:Sleep for 1.888599 seconds and try again... (tryings = 2, bot id = 8922360706)
ERROR:aiogram.dispatcher:Failed to fetch updates - TelegramNetworkError: HTTP Client says - Request timeout error
WARNING:aiogram.dispatcher:Sleep for 2.362510 seconds and try again... (tryings = 3, bot id = 8922360706)
ERROR:aiogram.dispatcher:Failed to fetch updates - TelegramNetworkError: HTTP Client says - Request timeout error
WARNING:aiogram.dispatcher:Sleep for 2.966865 seconds and try again... (tryings = 4, bot id = 8922360706)
INFO:aiogram.dispatcher:Connection established (tryings = 5, bot id = 8922360706)
ERROR:aiogram.dispatcher:Failed to fetch updates - TelegramNetworkError: HTTP Client says - Request timeout error
WARNING:aiogram.dispatcher:Sleep for 1.000000 seconds and try again... (tryings = 0, bot id = 8922360706)
ERROR:aiogram.dispatcher:Failed to fetch updates - TelegramNetworkError: HTTP Client says - Request timeout error
WARNING:aiogram.dispatcher:Sleep for 1.312482 seconds and try again... (tryings = 1, bot id = 8922360706)
INFO:aiogram.dispatcher:Connection established (tryings = 2, bot id = 8922360706)
ERROR:aiogram.dispatcher:Failed to fetch updates - TelegramNetworkError: HTTP Client says - Request timeout error
WARNING:aiogram.dispatcher:Sleep for 1.000000 seconds and try again... (tryings = 0, bot id = 8922360706)
INFO:aiogram.dispatcher:Connection established (tryings = 1, bot id = 8922360706)
ERROR:aiogram.dispatcher:Failed to fetch updates - TelegramNetworkError: HTTP Client says - Request timeout error
WARNING:aiogram.dispatcher:Sleep for 1.000000 seconds and try again... (tryings = 0, bot id = 8922360706)
ERROR:aiogram.dispatcher:Failed to fetch updates - TelegramNetworkError: HTTP Client says - ClientConnectorError: Cannot connect to host api.telegram.org:443 ssl:default [None]
WARNING:aiogram.dispatcher:Sleep for 1.466693 seconds and try again... (tryings = 1, bot id = 8922360706)
ERROR:aiogram.dispatcher:Failed to fetch updates - TelegramNetworkError: HTTP Client says - Request timeout error
WARNING:aiogram.dispatcher:Sleep for 1.912409 seconds and try again... (tryings = 2, bot id = 8922360706)
ERROR:aiogram.dispatcher:Failed to fetch updates - TelegramNetworkError: HTTP Client says - Request timeout error
WARNING:aiogram.dispatcher:Sleep for 2.540433 seconds and try again... (tryings = 3, bot id = 8922360706)
ERROR:aiogram.dispatcher:Failed to fetch updates - TelegramNetworkError: HTTP Client says - ClientConnectorError: Cannot connect to host api.telegram.org:443 ssl:default [None]
WARNING:aiogram.dispatcher:Sleep for 3.053967 seconds and try again... (tryings = 4, bot id = 8922360706)
ERROR:aiogram.dispatcher:Failed to fetch updates - TelegramNetworkError: HTTP Client says - ClientConnectorError: Cannot connect to host api.telegram.org:443 ssl:default [None]
WARNING:aiogram.dispatcher:Sleep for 3.962663 seconds and try again... (tryings = 5, bot id = 8922360706)
ERROR:aiogram.dispatcher:Failed to fetch updates - TelegramNetworkError: HTTP Client says - ClientConnectorError: Cannot connect to host api.telegram.org:443 ssl:default [None]
WARNING:aiogram.dispatcher:Sleep for 4.757755 seconds and try again... (tryings = 6, bot id = 8922360706)
ERROR:aiogram.dispatcher:Failed to fetch updates - TelegramNetworkError: HTTP Client says - ClientConnectorError: Cannot connect to host api.telegram.org:443 ssl:default [None]
WARNING:aiogram.dispatcher:Sleep for 5.085212 seconds and try again... (tryings = 7, bot id = 8922360706)
ERROR:aiogram.dispatcher:Failed to fetch updates - TelegramNetworkError: HTTP Client says - ClientConnectorError: Cannot connect to host api.telegram.org:443 ssl:default [None]
WARNING:aiogram.dispatcher:Sleep for 5.053979 seconds and try again... (tryings = 8, bot id = 8922360706)
ERROR:aiogram.dispatcher:Failed to fetch updates - TelegramNetworkError: HTTP Client says - ClientConnectorError: Cannot connect to host api.telegram.org:443 ssl:default [None]
WARNING:aiogram.dispatcher:Sleep for 5.044342 seconds and try again... (tryings = 9, bot id = 8922360706)
ERROR:aiogram.dispatcher:Failed to fetch updates - TelegramNetworkError: HTTP Client says - ClientConnectorError: Cannot connect to host api.telegram.org:443 ssl:default [None]
WARNING:aiogram.dispatcher:Sleep for 4.908351 seconds and try again... (tryings = 10, bot id = 8922360706)
ERROR:aiogram.dispatcher:Failed to fetch updates - TelegramNetworkError: HTTP Client says - ClientConnectorError: Cannot connect to host api.telegram.org:443 ssl:default [None]
WARNING:aiogram.dispatcher:Sleep for 4.868590 seconds and try again... (tryings = 11, bot id = 8922360706)
ERROR:aiogram.dispatcher:Failed to fetch updates - TelegramNetworkError: HTTP Client says - Request timeout error
WARNING:aiogram.dispatcher:Sleep for 4.976641 seconds and try again... (tryings = 12, bot id = 8922360706)
ERROR:aiogram.dispatcher:Failed to fetch updates - TelegramNetworkError: HTTP Client says - Request timeout error
WARNING:aiogram.dispatcher:Sleep for 4.995393 seconds and try again... (tryings = 13, bot id = 8922360706)
INFO:aiogram.dispatcher:Connection established (tryings = 14, bot id = 8922360706)
ERROR:aiogram.dispatcher:Failed to fetch updates - TelegramNetworkError: HTTP Client says - Request timeout error
WARNING:aiogram.dispatcher:Sleep for 1.000000 seconds and try again... (tryings = 0, bot id = 8922360706)
INFO:aiogram.dispatcher:Connection established (tryings = 1, bot id = 8922360706)
ERROR:aiogram.dispatcher:Failed to fetch updates - TelegramNetworkError: HTTP Client says - Request timeout error
WARNING:aiogram.dispatcher:Sleep for 1.000000 seconds and try again... (tryings = 0, bot id = 8922360706)
ERROR:aiogram.dispatcher:Failed to fetch updates - TelegramNetworkError: HTTP Client says - Request timeout error
WARNING:aiogram.dispatcher:Sleep for 1.281014 seconds and try again... (tryings = 1, bot id = 8922360706)
ERROR:aiogram.dispatcher:Failed to fetch updates - TelegramNetworkError: HTTP Client says - Request timeout error
WARNING:aiogram.dispatcher:Sleep for 1.684566 seconds and try again... (tryings = 2, bot id = 8922360706)
INFO:aiogram.dispatcher:Connection established (tryings = 3, bot id = 8922360706)
ERROR:aiogram.dispatcher:Failed to fetch updates - TelegramNetworkError: HTTP Client says - Request timeout error
WARNING:aiogram.dispatcher:Sleep for 1.000000 seconds and try again... (tryings = 0, bot id = 8922360706)
INFO:aiogram.dispatcher:Connection established (tryings = 1, bot id = 8922360706)
ERROR:aiogram.dispatcher:Failed to fetch updates - TelegramNetworkError: HTTP Client says - ServerDisconnectedError: Server disconnected
WARNING:aiogram.dispatcher:Sleep for 1.000000 seconds and try again... (tryings = 0, bot id = 8922360706)
ERROR:aiogram.dispatcher:Failed to fetch updates - TelegramNetworkError: HTTP Client says - Request timeout error
WARNING:aiogram.dispatcher:Sleep for 1.501351 seconds and try again... (tryings = 1, bot id = 8922360706)
ERROR:aiogram.dispatcher:Failed to fetch updates - TelegramNetworkError: HTTP Client says - ClientConnectorError: Cannot connect to host api.telegram.org:443 ssl:default [Connect call failed ('149.154.166.110', 443)]
WARNING:aiogram.dispatcher:Sleep for 2.044434 seconds and try again... (tryings = 2, bot id = 8922360706)
ERROR:aiogram.dispatcher:Failed to fetch updates - TelegramNetworkError: HTTP Client says - ClientConnectorError: Cannot connect to host api.telegram.org:443 ssl:default [Connect call failed ('149.154.166.110', 443)]
WARNING:aiogram.dispatcher:Sleep for 2.617526 seconds and try again... (tryings = 3, bot id = 8922360706)
ERROR:aiogram.dispatcher:Failed to fetch updates - TelegramNetworkError: HTTP Client says - ClientConnectorError: Cannot connect to host api.telegram.org:443 ssl:default [Connect call failed ('149.154.166.110', 443)]
WARNING:aiogram.dispatcher:Sleep for 3.300602 seconds and try again... (tryings = 4, bot id = 8922360706)
ERROR:aiogram.dispatcher:Failed to fetch updates - TelegramNetworkError: HTTP Client says - Request timeout error
WARNING:aiogram.dispatcher:Sleep for 4.420911 seconds and try again... (tryings = 5, bot id = 8922360706)
ERROR:aiogram.dispatcher:Failed to fetch updates - TelegramNetworkError: HTTP Client says - Request timeout error
WARNING:aiogram.dispatcher:Sleep for 4.835612 seconds and try again... (tryings = 6, bot id = 8922360706)
ERROR:aiogram.dispatcher:Failed to fetch updates - TelegramNetworkError: HTTP Client says - Request timeout error
WARNING:aiogram.dispatcher:Sleep for 4.893085 seconds and try again... (tryings = 7, bot id = 8922360706)
ERROR:aiogram.dispatcher:Failed to fetch updates - TelegramNetworkError: HTTP Client says - Request timeout error
WARNING:aiogram.dispatcher:Sleep for 4.986034 seconds and try again... (tryings = 8, bot id = 8922360706)
ERROR:aiogram.dispatcher:Failed to fetch updates - TelegramNetworkError: HTTP Client says - Request timeout error
WARNING:aiogram.dispatcher:Sleep for 4.943549 seconds and try again... (tryings = 9, bot id = 8922360706)
ERROR:aiogram.dispatcher:Failed to fetch updates - TelegramNetworkError: HTTP Client says - Request timeout error
WARNING:aiogram.dispatcher:Sleep for 5.090143 seconds and try again... (tryings = 10, bot id = 8922360706)
ERROR:aiogram.dispatcher:Failed to fetch updates - TelegramNetworkError: HTTP Client says - Request timeout error
WARNING:aiogram.dispatcher:Sleep for 5.125103 seconds and try again... (tryings = 11, bot id = 8922360706)
ERROR:aiogram.dispatcher:Failed to fetch updates - TelegramNetworkError: HTTP Client says - Request timeout error
WARNING:aiogram.dispatcher:Sleep for 4.982842 seconds and try again... (tryings = 12, bot id = 8922360706)
ERROR:aiogram.dispatcher:Failed to fetch updates - TelegramNetworkError: HTTP Client says - Request timeout error
WARNING:aiogram.dispatcher:Sleep for 5.086116 seconds and try again... (tryings = 13, bot id = 8922360706)
ERROR:aiogram.dispatcher:Failed to fetch updates - TelegramNetworkError: HTTP Client says - Request timeout error
WARNING:aiogram.dispatcher:Sleep for 5.093439 seconds and try again... (tryings = 14, bot id = 8922360706)
ERROR:aiogram.dispatcher:Failed to fetch updates - TelegramNetworkError: HTTP Client says - Request timeout error
WARNING:aiogram.dispatcher:Sleep for 5.022588 seconds and try again... (tryings = 15, bot id = 8922360706)
ERROR:aiogram.dispatcher:Failed to fetch updates - TelegramNetworkError: HTTP Client says - Request timeout error
WARNING:aiogram.dispatcher:Sleep for 4.925368 seconds and try again... (tryings = 16, bot id = 8922360706)
ERROR:aiogram.dispatcher:Failed to fetch updates - TelegramNetworkError: HTTP Client says - Request timeout error
WARNING:aiogram.dispatcher:Sleep for 4.911971 seconds and try again... (tryings = 17, bot id = 8922360706)
ERROR:aiogram.dispatcher:Failed to fetch updates - TelegramNetworkError: HTTP Client says - Request timeout error
WARNING:aiogram.dispatcher:Sleep for 4.871630 seconds and try again... (tryings = 18, bot id = 8922360706)
ERROR:aiogram.dispatcher:Failed to fetch updates - TelegramNetworkError: HTTP Client says - Request timeout error
WARNING:aiogram.dispatcher:Sleep for 5.058216 seconds and try again... (tryings = 19, bot id = 8922360706)
ERROR:aiogram.dispatcher:Failed to fetch updates - TelegramNetworkError: HTTP Client says - Request timeout error
WARNING:aiogram.dispatcher:Sleep for 4.929991 seconds and try again... (tryings = 20, bot id = 8922360706)
ERROR:aiogram.dispatcher:Failed to fetch updates - TelegramNetworkError: HTTP Client says - Request timeout error
WARNING:aiogram.dispatcher:Sleep for 4.867708 seconds and try again... (tryings = 21, bot id = 8922360706)
ERROR:aiogram.dispatcher:Failed to fetch updates - TelegramNetworkError: HTTP Client says - Request timeout error
WARNING:aiogram.dispatcher:Sleep for 4.975148 seconds and try again... (tryings = 22, bot id = 8922360706)
ERROR:aiogram.dispatcher:Failed to fetch updates - TelegramNetworkError: HTTP Client says - Request timeout error
WARNING:aiogram.dispatcher:Sleep for 5.023498 seconds and try again... (tryings = 23, bot id = 8922360706)
ERROR:aiogram.dispatcher:Failed to fetch updates - TelegramNetworkError: HTTP Client says - Request timeout error
WARNING:aiogram.dispatcher:Sleep for 5.016145 seconds and try again... (tryings = 24, bot id = 8922360706)
ERROR:aiogram.dispatcher:Failed to fetch updates - TelegramNetworkError: HTTP Client says - Request timeout error
WARNING:aiogram.dispatcher:Sleep for 5.087522 seconds and try again... (tryings = 25, bot id = 8922360706)
ERROR:aiogram.dispatcher:Failed to fetch updates - TelegramNetworkError: HTTP Client says - Request timeout error
WARNING:aiogram.dispatcher:Sleep for 5.060308 seconds and try again... (tryings = 26, bot id = 8922360706)
ERROR:aiogram.dispatcher:Failed to fetch updates - TelegramNetworkError: HTTP Client says - Request timeout error
WARNING:aiogram.dispatcher:Sleep for 5.008502 seconds and try again... (tryings = 27, bot id = 8922360706)
ERROR:aiogram.dispatcher:Failed to fetch updates - TelegramNetworkError: HTTP Client says - Request timeout error
WARNING:aiogram.dispatcher:Sleep for 4.963175 seconds and try again... (tryings = 28, bot id = 8922360706)
ERROR:aiogram.dispatcher:Failed to fetch updates - TelegramNetworkError: HTTP Client says - Request timeout error
WARNING:aiogram.dispatcher:Sleep for 5.039821 seconds and try again... (tryings = 29, bot id = 8922360706)
ERROR:aiogram.dispatcher:Failed to fetch updates - TelegramNetworkError: HTTP Client says - Request timeout error
WARNING:aiogram.dispatcher:Sleep for 4.956014 seconds and try again... (tryings = 30, bot id = 8922360706)
ERROR:aiogram.dispatcher:Failed to fetch updates - TelegramNetworkError: HTTP Client says - Request timeout error
WARNING:aiogram.dispatcher:Sleep for 5.053334 seconds and try again... (tryings = 31, bot id = 8922360706)
ERROR:aiogram.dispatcher:Failed to fetch updates - TelegramNetworkError: HTTP Client says - Request timeout error
WARNING:aiogram.dispatcher:Sleep for 5.059801 seconds and try again... (tryings = 32, bot id = 8922360706)
ERROR:aiogram.dispatcher:Failed to fetch updates - TelegramNetworkError: HTTP Client says - Request timeout error
WARNING:aiogram.dispatcher:Sleep for 5.127048 seconds and try again... (tryings = 33, bot id = 8922360706)
ERROR:aiogram.dispatcher:Failed to fetch updates - TelegramNetworkError: HTTP Client says - Request timeout error
WARNING:aiogram.dispatcher:Sleep for 4.931786 seconds and try again... (tryings = 34, bot id = 8922360706)
ERROR:aiogram.dispatcher:Failed to fetch updates - TelegramNetworkError: HTTP Client says - Request timeout error
WARNING:aiogram.dispatcher:Sleep for 4.951835 seconds and try again... (tryings = 35, bot id = 8922360706)
ERROR:aiogram.dispatcher:Failed to fetch updates - TelegramNetworkError: HTTP Client says - Request timeout error
WARNING:aiogram.dispatcher:Sleep for 5.052421 seconds and try again... (tryings = 36, bot id = 8922360706)
ERROR:aiogram.dispatcher:Failed to fetch updates - TelegramNetworkError: HTTP Client says - Request timeout error
WARNING:aiogram.dispatcher:Sleep for 4.939464 seconds and try again... (tryings = 37, bot id = 8922360706)
ERROR:aiogram.dispatcher:Failed to fetch updates - TelegramNetworkError: HTTP Client says - Request timeout error
WARNING:aiogram.dispatcher:Sleep for 4.935458 seconds and try again... (tryings = 38, bot id = 8922360706)
ERROR:aiogram.dispatcher:Failed to fetch updates - TelegramNetworkError: HTTP Client says - Request timeout error
WARNING:aiogram.dispatcher:Sleep for 5.039085 seconds and try again... (tryings = 39, bot id = 8922360706)
ERROR:aiogram.dispatcher:Failed to fetch updates - TelegramNetworkError: HTTP Client says - Request timeout error
WARNING:aiogram.dispatcher:Sleep for 4.942942 seconds and try again... (tryings = 40, bot id = 8922360706)
ERROR:aiogram.dispatcher:Failed to fetch updates - TelegramNetworkError: HTTP Client says - Request timeout error
WARNING:aiogram.dispatcher:Sleep for 4.995027 seconds and try again... (tryings = 41, bot id = 8922360706)
ERROR:aiogram.dispatcher:Failed to fetch updates - TelegramNetworkError: HTTP Client says - Request timeout error
WARNING:aiogram.dispatcher:Sleep for 5.047937 seconds and try again... (tryings = 42, bot id = 8922360706)
ERROR:aiogram.dispatcher:Failed to fetch updates - TelegramNetworkError: HTTP Client says - Request timeout error
WARNING:aiogram.dispatcher:Sleep for 4.996779 seconds and try again... (tryings = 43, bot id = 8922360706)
ERROR:aiogram.dispatcher:Failed to fetch updates - TelegramNetworkError: HTTP Client says - ClientConnectorError: Cannot connect to host api.telegram.org:443 ssl:default [Connect call failed ('149.154.166.110', 443)]
WARNING:aiogram.dispatcher:Sleep for 5.107802 seconds and try again... (tryings = 44, bot id = 8922360706)
ERROR:aiogram.dispatcher:Failed to fetch updates - TelegramNetworkError: HTTP Client says - ClientConnectorError: Cannot connect to host api.telegram.org:443 ssl:default [Connect call failed ('149.154.166.110', 443)]
WARNING:aiogram.dispatcher:Sleep for 5.041867 seconds and try again... (tryings = 45, bot id = 8922360706)
ERROR:aiogram.dispatcher:Failed to fetch updates - TelegramNetworkError: HTTP Client says - ClientConnectorError: Cannot connect to host api.telegram.org:443 ssl:default [Connect call failed ('149.154.166.110', 443)]
WARNING:aiogram.dispatcher:Sleep for 5.066548 seconds and try again... (tryings = 46, bot id = 8922360706)
ERROR:aiogram.dispatcher:Failed to fetch updates - TelegramNetworkError: HTTP Client says - ClientConnectorError: Cannot connect to host api.telegram.org:443 ssl:default [Connect call failed ('149.154.166.110', 443)]
WARNING:aiogram.dispatcher:Sleep for 5.228399 seconds and try again... (tryings = 47, bot id = 8922360706)
ERROR:aiogram.dispatcher:Failed to fetch updates - TelegramNetworkError: HTTP Client says - ClientConnectorError: Cannot connect to host api.telegram.org:443 ssl:default [Connect call failed ('149.154.166.110', 443)]
WARNING:aiogram.dispatcher:Sleep for 5.018624 seconds and try again... (tryings = 48, bot id = 8922360706)
ERROR:aiogram.dispatcher:Failed to fetch updates - TelegramNetworkError: HTTP Client says - ClientConnectorError: Cannot connect to host api.telegram.org:443 ssl:default [Connect call failed ('149.154.166.110', 443)]
WARNING:aiogram.dispatcher:Sleep for 4.850979 seconds and try again... (tryings = 49, bot id = 8922360706)
ERROR:aiogram.dispatcher:Failed to fetch updates - TelegramNetworkError: HTTP Client says - ClientConnectorError: Cannot connect to host api.telegram.org:443 ssl:default [Connect call failed ('149.154.166.110', 443)]
WARNING:aiogram.dispatcher:Sleep for 5.038981 seconds and try again... (tryings = 50, bot id = 8922360706)
ERROR:aiogram.dispatcher:Failed to fetch updates - TelegramNetworkError: HTTP Client says - ClientConnectorError: Cannot connect to host api.telegram.org:443 ssl:default [Connect call failed ('149.154.166.110', 443)]
WARNING:aiogram.dispatcher:Sleep for 5.107932 seconds and try again... (tryings = 51, bot id = 8922360706)
ERROR:aiogram.dispatcher:Failed to fetch updates - TelegramNetworkError: HTTP Client says - ClientConnectorError: Cannot connect to host api.telegram.org:443 ssl:default [Connect call failed ('149.154.166.110', 443)]
WARNING:aiogram.dispatcher:Sleep for 4.926481 seconds and try again... (tryings = 52, bot id = 8922360706)
ERROR:aiogram.dispatcher:Failed to fetch updates - TelegramNetworkError: HTTP Client says - ClientConnectorError: Cannot connect to host api.telegram.org:443 ssl:default [Connect call failed ('149.154.166.110', 443)]
WARNING:aiogram.dispatcher:Sleep for 4.971205 seconds and try again... (tryings = 53, bot id = 8922360706)
ERROR:aiogram.dispatcher:Failed to fetch updates - TelegramNetworkError: HTTP Client says - ClientConnectorError: Cannot connect to host api.telegram.org:443 ssl:default [Connect call failed ('149.154.166.110', 443)]
WARNING:aiogram.dispatcher:Sleep for 4.952477 seconds and try again... (tryings = 54, bot id = 8922360706)
ERROR:aiogram.dispatcher:Failed to fetch updates - TelegramNetworkError: HTTP Client says - ClientConnectorError: Cannot connect to host api.telegram.org:443 ssl:default [Connect call failed ('149.154.166.110', 443)]
WARNING:aiogram.dispatcher:Sleep for 4.920567 seconds and try again... (tryings = 55, bot id = 8922360706)
ERROR:aiogram.dispatcher:Failed to fetch updates - TelegramNetworkError: HTTP Client says - ClientConnectorError: Cannot connect to host api.telegram.org:443 ssl:default [Connect call failed ('149.154.166.110', 443)]
WARNING:aiogram.dispatcher:Sleep for 5.016493 seconds and try again... (tryings = 56, bot id = 8922360706)
ERROR:aiogram.dispatcher:Failed to fetch updates - TelegramNetworkError: HTTP Client says - ClientConnectorError: Cannot connect to host api.telegram.org:443 ssl:default [Connect call failed ('149.154.166.110', 443)]
WARNING:aiogram.dispatcher:Sleep for 4.889222 seconds and try again... (tryings = 57, bot id = 8922360706)
ERROR:aiogram.dispatcher:Failed to fetch updates - TelegramNetworkError: HTTP Client says - ClientConnectorError: Cannot connect to host api.telegram.org:443 ssl:default [Connect call failed ('149.154.166.110', 443)]
WARNING:aiogram.dispatcher:Sleep for 4.990706 seconds and try again... (tryings = 58, bot id = 8922360706)
ERROR:aiogram.dispatcher:Failed to fetch updates - TelegramNetworkError: HTTP Client says - ClientConnectorError: Cannot connect to host api.telegram.org:443 ssl:default [Connect call failed ('149.154.166.110', 443)]
WARNING:aiogram.dispatcher:Sleep for 5.009020 seconds and try again... (tryings = 59, bot id = 8922360706)
ERROR:aiogram.dispatcher:Failed to fetch updates - TelegramNetworkError: HTTP Client says - ClientConnectorError: Cannot connect to host api.telegram.org:443 ssl:default [Connect call failed ('149.154.166.110', 443)]
WARNING:aiogram.dispatcher:Sleep for 5.049112 seconds and try again... (tryings = 60, bot id = 8922360706)
ERROR:aiogram.dispatcher:Failed to fetch updates - TelegramNetworkError: HTTP Client says - ClientConnectorError: Cannot connect to host api.telegram.org:443 ssl:default [Connect call failed ('149.154.166.110', 443)]
WARNING:aiogram.dispatcher:Sleep for 5.022203 seconds and try again... (tryings = 61, bot id = 8922360706)
ERROR:aiogram.dispatcher:Failed to fetch updates - TelegramNetworkError: HTTP Client says - ClientConnectorError: Cannot connect to host api.telegram.org:443 ssl:default [Connect call failed ('149.154.166.110', 443)]
WARNING:aiogram.dispatcher:Sleep for 5.004054 seconds and try again... (tryings = 62, bot id = 8922360706)
ERROR:aiogram.dispatcher:Failed to fetch updates - TelegramNetworkError: HTTP Client says - ClientConnectorError: Cannot connect to host api.telegram.org:443 ssl:default [Connect call failed ('149.154.166.110', 443)]
WARNING:aiogram.dispatcher:Sleep for 4.980563 seconds and try again... (tryings = 63, bot id = 8922360706)
ERROR:aiogram.dispatcher:Failed to fetch updates - TelegramNetworkError: HTTP Client says - ClientConnectorError: Cannot connect to host api.telegram.org:443 ssl:default [Connect call failed ('149.154.166.110', 443)]
WARNING:aiogram.dispatcher:Sleep for 5.151445 seconds and try again... (tryings = 64, bot id = 8922360706)
ERROR:aiogram.dispatcher:Failed to fetch updates - TelegramNetworkError: HTTP Client says - ClientConnectorError: Cannot connect to host api.telegram.org:443 ssl:default [Connect call failed ('149.154.166.110', 443)]
WARNING:aiogram.dispatcher:Sleep for 4.902969 seconds and try again... (tryings = 65, bot id = 8922360706)
ERROR:aiogram.dispatcher:Failed to fetch updates - TelegramNetworkError: HTTP Client says - ClientConnectorError: Cannot connect to host api.telegram.org:443 ssl:default [Connect call failed ('149.154.166.110', 443)]
WARNING:aiogram.dispatcher:Sleep for 4.885158 seconds and try again... (tryings = 66, bot id = 8922360706)
ERROR:aiogram.dispatcher:Failed to fetch updates - TelegramNetworkError: HTTP Client says - ClientConnectorError: Cannot connect to host api.telegram.org:443 ssl:default [Connect call failed ('149.154.166.110', 443)]
WARNING:aiogram.dispatcher:Sleep for 5.041988 seconds and try again... (tryings = 67, bot id = 8922360706)
ERROR:aiogram.dispatcher:Failed to fetch updates - TelegramNetworkError: HTTP Client says - ClientConnectorError: Cannot connect to host api.telegram.org:443 ssl:default [Connect call failed ('149.154.166.110', 443)]
WARNING:aiogram.dispatcher:Sleep for 5.008109 seconds and try again... (tryings = 68, bot id = 8922360706)
ERROR:aiogram.dispatcher:Failed to fetch updates - TelegramNetworkError: HTTP Client says - ClientConnectorError: Cannot connect to host api.telegram.org:443 ssl:default [Connect call failed ('149.154.166.110', 443)]
WARNING:aiogram.dispatcher:Sleep for 4.674503 seconds and try again... (tryings = 69, bot id = 8922360706)
ERROR:aiogram.dispatcher:Failed to fetch updates - TelegramNetworkError: HTTP Client says - ClientConnectorError: Cannot connect to host api.telegram.org:443 ssl:default [Connect call failed ('149.154.166.110', 443)]
WARNING:aiogram.dispatcher:Sleep for 4.885550 seconds and try again... (tryings = 70, bot id = 8922360706)
ERROR:aiogram.dispatcher:Failed to fetch updates - TelegramNetworkError: HTTP Client says - ClientConnectorError: Cannot connect to host api.telegram.org:443 ssl:default [Connect call failed ('149.154.166.110', 443)]
WARNING:aiogram.dispatcher:Sleep for 4.963472 seconds and try again... (tryings = 71, bot id = 8922360706)
ERROR:aiogram.dispatcher:Failed to fetch updates - TelegramNetworkError: HTTP Client says - ClientConnectorError: Cannot connect to host api.telegram.org:443 ssl:default [Network is unreachable]
WARNING:aiogram.dispatcher:Sleep for 4.938776 seconds and try again... (tryings = 72, bot id = 8922360706)
ERROR:aiogram.dispatcher:Failed to fetch updates - TelegramNetworkError: HTTP Client says - ClientConnectorError: Cannot connect to host api.telegram.org:443 ssl:default [Network is unreachable]
WARNING:aiogram.dispatcher:Sleep for 5.127415 seconds and try again... (tryings = 73, bot id = 8922360706)
ERROR:aiogram.dispatcher:Failed to fetch updates - TelegramNetworkError: HTTP Client says - ClientConnectorError: Cannot connect to host api.telegram.org:443 ssl:default [Network is unreachable]
WARNING:aiogram.dispatcher:Sleep for 5.045528 seconds and try again... (tryings = 74, bot id = 8922360706)
ERROR:aiogram.dispatcher:Failed to fetch updates - TelegramNetworkError: HTTP Client says - ClientConnectorError: Cannot connect to host api.telegram.org:443 ssl:default [Network is unreachable]
WARNING:aiogram.dispatcher:Sleep for 5.096528 seconds and try again... (tryings = 75, bot id = 8922360706)
ERROR:aiogram.dispatcher:Failed to fetch updates - TelegramNetworkError: HTTP Client says - ClientConnectorError: Cannot connect to host api.telegram.org:443 ssl:default [Network is unreachable]
WARNING:aiogram.dispatcher:Sleep for 5.104135 seconds and try again... (tryings = 76, bot id = 8922360706)
ERROR:aiogram.dispatcher:Failed to fetch updates - TelegramNetworkError: HTTP Client says - ClientConnectorError: Cannot connect to host api.telegram.org:443 ssl:default [Network is unreachable]
WARNING:aiogram.dispatcher:Sleep for 4.973024 seconds and try again... (tryings = 77, bot id = 8922360706)
ERROR:aiogram.dispatcher:Failed to fetch updates - TelegramNetworkError: HTTP Client says - ClientConnectorError: Cannot connect to host api.telegram.org:443 ssl:default [Network is unreachable]
WARNING:aiogram.dispatcher:Sleep for 4.978723 seconds and try again... (tryings = 78, bot id = 8922360706)
ERROR:aiogram.dispatcher:Failed to fetch updates - TelegramNetworkError: HTTP Client says - ClientConnectorError: Cannot connect to host api.telegram.org:443 ssl:default [Network is unreachable]
WARNING:aiogram.dispatcher:Sleep for 4.983674 seconds and try again... (tryings = 79, bot id = 8922360706)
ERROR:aiogram.dispatcher:Failed to fetch updates - TelegramNetworkError: HTTP Client says - ClientConnectorError: Cannot connect to host api.telegram.org:443 ssl:default [Network is unreachable]
WARNING:aiogram.dispatcher:Sleep for 4.996026 seconds and try again... (tryings = 80, bot id = 8922360706)
ERROR:aiogram.dispatcher:Failed to fetch updates - TelegramNetworkError: HTTP Client says - ClientConnectorError: Cannot connect to host api.telegram.org:443 ssl:default [Network is unreachable]
WARNING:aiogram.dispatcher:Sleep for 4.926626 seconds and try again... (tryings = 81, bot id = 8922360706)
ERROR:aiogram.dispatcher:Failed to fetch updates - TelegramNetworkError: HTTP Client says - ClientConnectorError: Cannot connect to host api.telegram.org:443 ssl:default [Network is unreachable]
WARNING:aiogram.dispatcher:Sleep for 4.973479 seconds and try again... (tryings = 82, bot id = 8922360706)
ERROR:aiogram.dispatcher:Failed to fetch updates - TelegramNetworkError: HTTP Client says - ClientConnectorError: Cannot connect to host api.telegram.org:443 ssl:default [Connect call failed ('149.154.166.110', 443)]
WARNING:aiogram.dispatcher:Sleep for 4.969909 seconds and try again... (tryings = 83, bot id = 8922360706)
ERROR:aiogram.dispatcher:Failed to fetch updates - TelegramNetworkError: HTTP Client says - Request timeout error
WARNING:aiogram.dispatcher:Sleep for 5.068517 seconds and try again... (tryings = 84, bot id = 8922360706)
INFO:aiogram.dispatcher:Connection established (tryings = 85, bot id = 8922360706)
ERROR:aiogram.dispatcher:Failed to fetch updates - TelegramNetworkError: HTTP Client says - Request timeout error
WARNING:aiogram.dispatcher:Sleep for 1.000000 seconds and try again... (tryings = 0, bot id = 8922360706)
ERROR:aiogram.dispatcher:Failed to fetch updates - TelegramNetworkError: HTTP Client says - Request timeout error
WARNING:aiogram.dispatcher:Sleep for 1.273751 seconds and try again... (tryings = 1, bot id = 8922360706)
ERROR:aiogram.dispatcher:Failed to fetch updates - TelegramNetworkError: HTTP Client says - Request timeout error
WARNING:aiogram.dispatcher:Sleep for 1.473341 seconds and try again... (tryings = 2, bot id = 8922360706)
ERROR:aiogram.dispatcher:Failed to fetch updates - TelegramNetworkError: HTTP Client says - Request timeout error
WARNING:aiogram.dispatcher:Sleep for 2.174699 seconds and try again... (tryings = 3, bot id = 8922360706)
ERROR:aiogram.dispatcher:Failed to fetch updates - TelegramNetworkError: HTTP Client says - Request timeout error
WARNING:aiogram.dispatcher:Sleep for 2.833832 seconds and try again... (tryings = 4, bot id = 8922360706)
INFO:aiogram.dispatcher:Connection established (tryings = 5, bot id = 8922360706)
ERROR:aiogram.dispatcher:Failed to fetch updates - TelegramNetworkError: HTTP Client says - Request timeout error
WARNING:aiogram.dispatcher:Sleep for 1.000000 seconds and try again... (tryings = 0, bot id = 8922360706)
INFO:aiogram.dispatcher:Connection established (tryings = 1, bot id = 8922360706)
ERROR:aiogram.dispatcher:Failed to fetch updates - TelegramNetworkError: HTTP Client says - Request timeout error
WARNING:aiogram.dispatcher:Sleep for 1.000000 seconds and try again... (tryings = 0, bot id = 8922360706)
ERROR:aiogram.dispatcher:Failed to fetch updates - TelegramNetworkError: HTTP Client says - Request timeout error
WARNING:aiogram.dispatcher:Sleep for 1.225108 seconds and try again... (tryings = 1, bot id = 8922360706)
ERROR:aiogram.dispatcher:Failed to fetch updates - TelegramNetworkError: HTTP Client says - Request timeout error
WARNING:aiogram.dispatcher:Sleep for 1.586335 seconds and try again... (tryings = 2, bot id = 8922360706)
ERROR:aiogram.dispatcher:Failed to fetch updates - TelegramNetworkError: HTTP Client says - ClientConnectorError: Cannot connect to host api.telegram.org:443 ssl:default [None]
WARNING:aiogram.dispatcher:Sleep for 1.952345 seconds and try again... (tryings = 3, bot id = 8922360706)
ERROR:aiogram.dispatcher:Failed to fetch updates - TelegramNetworkError: HTTP Client says - ClientConnectorError: Cannot connect to host api.telegram.org:443 ssl:default [None]
WARNING:aiogram.dispatcher:Sleep for 2.550944 seconds and try again... (tryings = 4, bot id = 8922360706)
ERROR:aiogram.dispatcher:Failed to fetch updates - TelegramNetworkError: HTTP Client says - ClientConnectorError: Cannot connect to host api.telegram.org:443 ssl:default [None]
WARNING:aiogram.dispatcher:Sleep for 3.258719 seconds and try again... (tryings = 5, bot id = 8922360706)
ERROR:aiogram.dispatcher:Failed to fetch updates - TelegramNetworkError: HTTP Client says - ClientConnectorError: Cannot connect to host api.telegram.org:443 ssl:default [None]
WARNING:aiogram.dispatcher:Sleep for 4.164373 seconds and try again... (tryings = 6, bot id = 8922360706)
ERROR:aiogram.dispatcher:Failed to fetch updates - TelegramNetworkError: HTTP Client says - ClientConnectorError: Cannot connect to host api.telegram.org:443 ssl:default [None]
WARNING:aiogram.dispatcher:Sleep for 5.013892 seconds and try again... (tryings = 7, bot id = 8922360706)
ERROR:aiogram.dispatcher:Failed to fetch updates - TelegramNetworkError: HTTP Client says - ClientConnectorError: Cannot connect to host api.telegram.org:443 ssl:default [None]
WARNING:aiogram.dispatcher:Sleep for 4.871322 seconds and try again... (tryings = 8, bot id = 8922360706)
ERROR:aiogram.dispatcher:Failed to fetch updates - TelegramNetworkError: HTTP Client says - ClientConnectorError: Cannot connect to host api.telegram.org:443 ssl:default [None]
WARNING:aiogram.dispatcher:Sleep for 4.945233 seconds and try again... (tryings = 9, bot id = 8922360706)
ERROR:aiogram.dispatcher:Failed to fetch updates - TelegramNetworkError: HTTP Client says - ClientConnectorError: Cannot connect to host api.telegram.org:443 ssl:default [None]
WARNING:aiogram.dispatcher:Sleep for 4.944115 seconds and try again... (tryings = 10, bot id = 8922360706)
ERROR:aiogram.dispatcher:Failed to fetch updates - TelegramNetworkError: HTTP Client says - ClientConnectorError: Cannot connect to host api.telegram.org:443 ssl:default [None]
WARNING:aiogram.dispatcher:Sleep for 4.878847 seconds and try again... (tryings = 11, bot id = 8922360706)
ERROR:aiogram.dispatcher:Failed to fetch updates - TelegramNetworkError: HTTP Client says - ClientConnectorError: Cannot connect to host api.telegram.org:443 ssl:default [None]
WARNING:aiogram.dispatcher:Sleep for 4.917906 seconds and try again... (tryings = 12, bot id = 8922360706)
ERROR:aiogram.dispatcher:Failed to fetch updates - TelegramNetworkError: HTTP Client says - ClientConnectorError: Cannot connect to host api.telegram.org:443 ssl:default [None]
WARNING:aiogram.dispatcher:Sleep for 5.133563 seconds and try again... (tryings = 13, bot id = 8922360706)
ERROR:aiogram.dispatcher:Failed to fetch updates - TelegramNetworkError: HTTP Client says - ClientConnectorError: Cannot connect to host api.telegram.org:443 ssl:default [None]
WARNING:aiogram.dispatcher:Sleep for 5.070305 seconds and try again... (tryings = 14, bot id = 8922360706)
ERROR:aiogram.dispatcher:Failed to fetch updates - TelegramNetworkError: HTTP Client says - ClientConnectorError: Cannot connect to host api.telegram.org:443 ssl:default [None]
WARNING:aiogram.dispatcher:Sleep for 4.903352 seconds and try again... (tryings = 15, bot id = 8922360706)
ERROR:aiogram.dispatcher:Failed to fetch updates - TelegramNetworkError: HTTP Client says - ClientConnectorError: Cannot connect to host api.telegram.org:443 ssl:default [None]
WARNING:aiogram.dispatcher:Sleep for 4.840785 seconds and try again... (tryings = 16, bot id = 8922360706)
ERROR:aiogram.dispatcher:Failed to fetch updates - TelegramNetworkError: HTTP Client says - ClientConnectorError: Cannot connect to host api.telegram.org:443 ssl:default [None]
WARNING:aiogram.dispatcher:Sleep for 5.163601 seconds and try again... (tryings = 17, bot id = 8922360706)
ERROR:aiogram.dispatcher:Failed to fetch updates - TelegramNetworkError: HTTP Client says - ClientConnectorError: Cannot connect to host api.telegram.org:443 ssl:default [None]
WARNING:aiogram.dispatcher:Sleep for 5.086050 seconds and try again... (tryings = 18, bot id = 8922360706)
ERROR:aiogram.dispatcher:Failed to fetch updates - TelegramNetworkError: HTTP Client says - ClientConnectorError: Cannot connect to host api.telegram.org:443 ssl:default [None]
WARNING:aiogram.dispatcher:Sleep for 5.061481 seconds and try again... (tryings = 19, bot id = 8922360706)
ERROR:aiogram.dispatcher:Failed to fetch updates - TelegramNetworkError: HTTP Client says - ClientConnectorError: Cannot connect to host api.telegram.org:443 ssl:default [None]
WARNING:aiogram.dispatcher:Sleep for 4.864566 seconds and try again... (tryings = 20, bot id = 8922360706)
ERROR:aiogram.dispatcher:Failed to fetch updates - TelegramNetworkError: HTTP Client says - ClientConnectorError: Cannot connect to host api.telegram.org:443 ssl:default [None]
WARNING:aiogram.dispatcher:Sleep for 4.810262 seconds and try again... (tryings = 21, bot id = 8922360706)
ERROR:aiogram.dispatcher:Failed to fetch updates - TelegramNetworkError: HTTP Client says - ClientConnectorError: Cannot connect to host api.telegram.org:443 ssl:default [None]
WARNING:aiogram.dispatcher:Sleep for 4.834281 seconds and try again... (tryings = 22, bot id = 8922360706)
ERROR:aiogram.dispatcher:Failed to fetch updates - TelegramNetworkError: HTTP Client says - ClientConnectorError: Cannot connect to host api.telegram.org:443 ssl:default [None]
WARNING:aiogram.dispatcher:Sleep for 5.027292 seconds and try again... (tryings = 23, bot id = 8922360706)
ERROR:aiogram.dispatcher:Failed to fetch updates - TelegramNetworkError: HTTP Client says - ClientConnectorError: Cannot connect to host api.telegram.org:443 ssl:default [None]
WARNING:aiogram.dispatcher:Sleep for 4.990631 seconds and try again... (tryings = 24, bot id = 8922360706)
ERROR:aiogram.dispatcher:Failed to fetch updates - TelegramNetworkError: HTTP Client says - ClientConnectorError: Cannot connect to host api.telegram.org:443 ssl:default [None]
WARNING:aiogram.dispatcher:Sleep for 4.974661 seconds and try again... (tryings = 25, bot id = 8922360706)
ERROR:aiogram.dispatcher:Failed to fetch updates - TelegramNetworkError: HTTP Client says - ClientConnectorError: Cannot connect to host api.telegram.org:443 ssl:default [None]
WARNING:aiogram.dispatcher:Sleep for 4.917936 seconds and try again... (tryings = 26, bot id = 8922360706)
ERROR:aiogram.dispatcher:Failed to fetch updates - TelegramNetworkError: HTTP Client says - ClientConnectorError: Cannot connect to host api.telegram.org:443 ssl:default [None]
WARNING:aiogram.dispatcher:Sleep for 5.007812 seconds and try again... (tryings = 27, bot id = 8922360706)
ERROR:aiogram.dispatcher:Failed to fetch updates - TelegramNetworkError: HTTP Client says - ClientConnectorError: Cannot connect to host api.telegram.org:443 ssl:default [None]
WARNING:aiogram.dispatcher:Sleep for 5.102916 seconds and try again... (tryings = 28, bot id = 8922360706)
ERROR:aiogram.dispatcher:Failed to fetch updates - TelegramNetworkError: HTTP Client says - ClientConnectorError: Cannot connect to host api.telegram.org:443 ssl:default [None]
WARNING:aiogram.dispatcher:Sleep for 5.068416 seconds and try again... (tryings = 29, bot id = 8922360706)
ERROR:aiogram.dispatcher:Failed to fetch updates - TelegramNetworkError: HTTP Client says - ClientConnectorError: Cannot connect to host api.telegram.org:443 ssl:default [None]
WARNING:aiogram.dispatcher:Sleep for 5.109271 seconds and try again... (tryings = 30, bot id = 8922360706)
ERROR:aiogram.dispatcher:Failed to fetch updates - TelegramNetworkError: HTTP Client says - ClientConnectorError: Cannot connect to host api.telegram.org:443 ssl:default [None]
WARNING:aiogram.dispatcher:Sleep for 4.945691 seconds and try again... (tryings = 31, bot id = 8922360706)
ERROR:aiogram.dispatcher:Failed to fetch updates - TelegramNetworkError: HTTP Client says - ClientConnectorError: Cannot connect to host api.telegram.org:443 ssl:default [None]
WARNING:aiogram.dispatcher:Sleep for 4.986710 seconds and try again... (tryings = 32, bot id = 8922360706)
ERROR:aiogram.dispatcher:Failed to fetch updates - TelegramNetworkError: HTTP Client says - ClientConnectorError: Cannot connect to host api.telegram.org:443 ssl:default [None]
WARNING:aiogram.dispatcher:Sleep for 5.019218 seconds and try again... (tryings = 33, bot id = 8922360706)
ERROR:aiogram.dispatcher:Failed to fetch updates - TelegramNetworkError: HTTP Client says - ClientConnectorError: Cannot connect to host api.telegram.org:443 ssl:default [None]
WARNING:aiogram.dispatcher:Sleep for 5.068205 seconds and try again... (tryings = 34, bot id = 8922360706)
ERROR:aiogram.dispatcher:Failed to fetch updates - TelegramNetworkError: HTTP Client says - ClientConnectorError: Cannot connect to host api.telegram.org:443 ssl:default [None]
WARNING:aiogram.dispatcher:Sleep for 4.849304 seconds and try again... (tryings = 35, bot id = 8922360706)
ERROR:aiogram.dispatcher:Failed to fetch updates - TelegramNetworkError: HTTP Client says - Request timeout error
WARNING:aiogram.dispatcher:Sleep for 4.913815 seconds and try again... (tryings = 36, bot id = 8922360706)
ERROR:aiogram.dispatcher:Failed to fetch updates - TelegramNetworkError: HTTP Client says - ClientConnectorError: Cannot connect to host api.telegram.org:443 ssl:default [None]
WARNING:aiogram.dispatcher:Sleep for 4.903739 seconds and try again... (tryings = 37, bot id = 8922360706)
ERROR:aiogram.dispatcher:Failed to fetch updates - TelegramNetworkError: HTTP Client says - Request timeout error
WARNING:aiogram.dispatcher:Sleep for 4.943450 seconds and try again... (tryings = 38, bot id = 8922360706)
ERROR:aiogram.dispatcher:Failed to fetch updates - TelegramNetworkError: HTTP Client says - Request timeout error
WARNING:aiogram.dispatcher:Sleep for 5.135561 seconds and try again... (tryings = 39, bot id = 8922360706)
ERROR:aiogram.dispatcher:Failed to fetch updates - TelegramNetworkError: HTTP Client says - Request timeout error
WARNING:aiogram.dispatcher:Sleep for 5.009664 seconds and try again... (tryings = 40, bot id = 8922360706)
ERROR:aiogram.dispatcher:Failed to fetch updates - TelegramNetworkError: HTTP Client says - Request timeout error
WARNING:aiogram.dispatcher:Sleep for 5.015721 seconds and try again... (tryings = 41, bot id = 8922360706)
ERROR:aiogram.dispatcher:Failed to fetch updates - TelegramNetworkError: HTTP Client says - Request timeout error
WARNING:aiogram.dispatcher:Sleep for 5.044715 seconds and try again... (tryings = 42, bot id = 8922360706)
ERROR:aiogram.dispatcher:Failed to fetch updates - TelegramNetworkError: HTTP Client says - Request timeout error
WARNING:aiogram.dispatcher:Sleep for 5.031568 seconds and try again... (tryings = 43, bot id = 8922360706)
ERROR:aiogram.dispatcher:Failed to fetch updates - TelegramNetworkError: HTTP Client says - Request timeout error
WARNING:aiogram.dispatcher:Sleep for 5.072440 seconds and try again... (tryings = 44, bot id = 8922360706)
ERROR:aiogram.dispatcher:Failed to fetch updates - TelegramNetworkError: HTTP Client says - Request timeout error
WARNING:aiogram.dispatcher:Sleep for 4.970122 seconds and try again... (tryings = 45, bot id = 8922360706)
ERROR:aiogram.dispatcher:Failed to fetch updates - TelegramNetworkError: HTTP Client says - Request timeout error
WARNING:aiogram.dispatcher:Sleep for 5.067314 seconds and try again... (tryings = 46, bot id = 8922360706)
ERROR:aiogram.dispatcher:Failed to fetch updates - TelegramNetworkError: HTTP Client says - Request timeout error
WARNING:aiogram.dispatcher:Sleep for 5.288810 seconds and try again... (tryings = 47, bot id = 8922360706)
ERROR:aiogram.dispatcher:Failed to fetch updates - TelegramNetworkError: HTTP Client says - Request timeout error
WARNING:aiogram.dispatcher:Sleep for 4.980379 seconds and try again... (tryings = 48, bot id = 8922360706)
ERROR:aiogram.dispatcher:Failed to fetch updates - TelegramNetworkError: HTTP Client says - Request timeout error
WARNING:aiogram.dispatcher:Sleep for 4.940697 seconds and try again... (tryings = 49, bot id = 8922360706)
ERROR:aiogram.dispatcher:Failed to fetch updates - TelegramNetworkError: HTTP Client says - Request timeout error
WARNING:aiogram.dispatcher:Sleep for 5.165139 seconds and try again... (tryings = 50, bot id = 8922360706)
ERROR:aiogram.dispatcher:Failed to fetch updates - TelegramNetworkError: HTTP Client says - Request timeout error
WARNING:aiogram.dispatcher:Sleep for 4.895207 seconds and try again... (tryings = 51, bot id = 8922360706)
ERROR:aiogram.dispatcher:Failed to fetch updates - TelegramNetworkError: HTTP Client says - Request timeout error
WARNING:aiogram.dispatcher:Sleep for 5.004544 seconds and try again... (tryings = 52, bot id = 8922360706)
ERROR:aiogram.dispatcher:Failed to fetch updates - TelegramNetworkError: HTTP Client says - Request timeout error
WARNING:aiogram.dispatcher:Sleep for 4.887484 seconds and try again... (tryings = 53, bot id = 8922360706)
ERROR:aiogram.dispatcher:Failed to fetch updates - TelegramNetworkError: HTTP Client says - Request timeout error
WARNING:aiogram.dispatcher:Sleep for 4.972167 seconds and try again... (tryings = 54, bot id = 8922360706)
ERROR:aiogram.dispatcher:Failed to fetch updates - TelegramNetworkError: HTTP Client says - ClientConnectorError: Cannot connect to host api.telegram.org:443 ssl:default [None]
WARNING:aiogram.dispatcher:Sleep for 4.967234 seconds and try again... (tryings = 55, bot id = 8922360706)
ERROR:aiogram.dispatcher:Failed to fetch updates - TelegramNetworkError: HTTP Client says - Request timeout error
WARNING:aiogram.dispatcher:Sleep for 4.780826 seconds and try again... (tryings = 56, bot id = 8922360706)
ERROR:aiogram.dispatcher:Failed to fetch updates - TelegramNetworkError: HTTP Client says - Request timeout error
WARNING:aiogram.dispatcher:Sleep for 5.066483 seconds and try again... (tryings = 57, bot id = 8922360706)
ERROR:aiogram.dispatcher:Failed to fetch updates - TelegramNetworkError: HTTP Client says - Request timeout error
WARNING:aiogram.dispatcher:Sleep for 5.047093 seconds and try again... (tryings = 58, bot id = 8922360706)
ERROR:aiogram.dispatcher:Failed to fetch updates - TelegramNetworkError: HTTP Client says - Request timeout error
WARNING:aiogram.dispatcher:Sleep for 4.992267 seconds and try again... (tryings = 59, bot id = 8922360706)
ERROR:aiogram.dispatcher:Failed to fetch updates - TelegramNetworkError: HTTP Client says - Request timeout error
WARNING:aiogram.dispatcher:Sleep for 5.070133 seconds and try again... (tryings = 60, bot id = 8922360706)
ERROR:aiogram.dispatcher:Failed to fetch updates - TelegramNetworkError: HTTP Client says - Request timeout error
WARNING:aiogram.dispatcher:Sleep for 5.285283 seconds and try again... (tryings = 61, bot id = 8922360706)
ERROR:aiogram.dispatcher:Failed to fetch updates - TelegramNetworkError: HTTP Client says - Request timeout error
WARNING:aiogram.dispatcher:Sleep for 4.937540 seconds and try again... (tryings = 62, bot id = 8922360706)
ERROR:aiogram.dispatcher:Failed to fetch updates - TelegramNetworkError: HTTP Client says - Request timeout error
WARNING:aiogram.dispatcher:Sleep for 4.974754 seconds and try again... (tryings = 63, bot id = 8922360706)
ERROR:aiogram.dispatcher:Failed to fetch updates - TelegramNetworkError: HTTP Client says - Request timeout error
WARNING:aiogram.dispatcher:Sleep for 5.133287 seconds and try again... (tryings = 64, bot id = 8922360706)
ERROR:aiogram.dispatcher:Failed to fetch updates - TelegramNetworkError: HTTP Client says - Request timeout error
WARNING:aiogram.dispatcher:Sleep for 4.893395 seconds and try again... (tryings = 65, bot id = 8922360706)
ERROR:aiogram.dispatcher:Failed to fetch updates - TelegramNetworkError: HTTP Client says - Request timeout error
WARNING:aiogram.dispatcher:Sleep for 5.071591 seconds and try again... (tryings = 66, bot id = 8922360706)
ERROR:aiogram.dispatcher:Failed to fetch updates - TelegramNetworkError: HTTP Client says - Request timeout error
WARNING:aiogram.dispatcher:Sleep for 4.990417 seconds and try again... (tryings = 67, bot id = 8922360706)
ERROR:aiogram.dispatcher:Failed to fetch updates - TelegramNetworkError: HTTP Client says - Request timeout error
WARNING:aiogram.dispatcher:Sleep for 5.025333 seconds and try again... (tryings = 68, bot id = 8922360706)
ERROR:aiogram.dispatcher:Failed to fetch updates - TelegramNetworkError: HTTP Client says - Request timeout error
WARNING:aiogram.dispatcher:Sleep for 5.032247 seconds and try again... (tryings = 69, bot id = 8922360706)
ERROR:aiogram.dispatcher:Failed to fetch updates - TelegramNetworkError: HTTP Client says - Request timeout error
WARNING:aiogram.dispatcher:Sleep for 4.965407 seconds and try again... (tryings = 70, bot id = 8922360706)
ERROR:aiogram.dispatcher:Failed to fetch updates - TelegramNetworkError: HTTP Client says - Request timeout error
WARNING:aiogram.dispatcher:Sleep for 4.945513 seconds and try again... (tryings = 71, bot id = 8922360706)
ERROR:aiogram.dispatcher:Failed to fetch updates - TelegramNetworkError: HTTP Client says - Request timeout error
WARNING:aiogram.dispatcher:Sleep for 4.924109 seconds and try again... (tryings = 72, bot id = 8922360706)
ERROR:aiogram.dispatcher:Failed to fetch updates - TelegramNetworkError: HTTP Client says - Request timeout error
WARNING:aiogram.dispatcher:Sleep for 4.887538 seconds and try again... (tryings = 73, bot id = 8922360706)
ERROR:aiogram.dispatcher:Failed to fetch updates - TelegramNetworkError: HTTP Client says - Request timeout error
WARNING:aiogram.dispatcher:Sleep for 4.931481 seconds and try again... (tryings = 74, bot id = 8922360706)
ERROR:aiogram.dispatcher:Failed to fetch updates - TelegramNetworkError: HTTP Client says - Request timeout error
WARNING:aiogram.dispatcher:Sleep for 5.094791 seconds and try again... (tryings = 75, bot id = 8922360706)
ERROR:aiogram.dispatcher:Failed to fetch updates - TelegramNetworkError: HTTP Client says - Request timeout error
WARNING:aiogram.dispatcher:Sleep for 5.107947 seconds and try again... (tryings = 76, bot id = 8922360706)
ERROR:aiogram.dispatcher:Failed to fetch updates - TelegramNetworkError: HTTP Client says - Request timeout error
WARNING:aiogram.dispatcher:Sleep for 5.080745 seconds and try again... (tryings = 77, bot id = 8922360706)
ERROR:aiogram.dispatcher:Failed to fetch updates - TelegramNetworkError: HTTP Client says - Request timeout error
WARNING:aiogram.dispatcher:Sleep for 4.992579 seconds and try again... (tryings = 78, bot id = 8922360706)
ERROR:aiogram.dispatcher:Failed to fetch updates - TelegramNetworkError: HTTP Client says - Request timeout error
WARNING:aiogram.dispatcher:Sleep for 4.905890 seconds and try again... (tryings = 79, bot id = 8922360706)
ERROR:aiogram.dispatcher:Failed to fetch updates - TelegramNetworkError: HTTP Client says - Request timeout error
WARNING:aiogram.dispatcher:Sleep for 5.067325 seconds and try again... (tryings = 80, bot id = 8922360706)
ERROR:aiogram.dispatcher:Failed to fetch updates - TelegramNetworkError: HTTP Client says - Request timeout error
WARNING:aiogram.dispatcher:Sleep for 5.018177 seconds and try again... (tryings = 81, bot id = 8922360706)
ERROR:aiogram.dispatcher:Failed to fetch updates - TelegramNetworkError: HTTP Client says - Request timeout error
WARNING:aiogram.dispatcher:Sleep for 5.004134 seconds and try again... (tryings = 82, bot id = 8922360706)
ERROR:aiogram.dispatcher:Failed to fetch updates - TelegramNetworkError: HTTP Client says - Request timeout error
WARNING:aiogram.dispatcher:Sleep for 4.895269 seconds and try again... (tryings = 83, bot id = 8922360706)
ERROR:aiogram.dispatcher:Failed to fetch updates - TelegramNetworkError: HTTP Client says - Request timeout error
WARNING:aiogram.dispatcher:Sleep for 4.899194 seconds and try again... (tryings = 84, bot id = 8922360706)
ERROR:aiogram.dispatcher:Failed to fetch updates - TelegramNetworkError: HTTP Client says - Request timeout error
WARNING:aiogram.dispatcher:Sleep for 4.934829 seconds and try again... (tryings = 85, bot id = 8922360706)
ERROR:aiogram.dispatcher:Failed to fetch updates - TelegramNetworkError: HTTP Client says - Request timeout error
WARNING:aiogram.dispatcher:Sleep for 4.957853 seconds and try again... (tryings = 86, bot id = 8922360706)
ERROR:aiogram.dispatcher:Failed to fetch updates - TelegramNetworkError: HTTP Client says - Request timeout error
WARNING:aiogram.dispatcher:Sleep for 5.028122 seconds and try again... (tryings = 87, bot id = 8922360706)
ERROR:aiogram.dispatcher:Failed to fetch updates - TelegramNetworkError: HTTP Client says - Request timeout error
WARNING:aiogram.dispatcher:Sleep for 4.824471 seconds and try again... (tryings = 88, bot id = 8922360706)
ERROR:aiogram.dispatcher:Failed to fetch updates - TelegramNetworkError: HTTP Client says - Request timeout error
WARNING:aiogram.dispatcher:Sleep for 4.946462 seconds and try again... (tryings = 89, bot id = 8922360706)
ERROR:aiogram.dispatcher:Failed to fetch updates - TelegramNetworkError: HTTP Client says - ClientConnectorError: Cannot connect to host api.telegram.org:443 ssl:default [Connect call failed ('149.154.166.110', 443)]
WARNING:aiogram.dispatcher:Sleep for 4.904784 seconds and try again... (tryings = 90, bot id = 8922360706)
ERROR:aiogram.dispatcher:Failed to fetch updates - TelegramNetworkError: HTTP Client says - ClientConnectorError: Cannot connect to host api.telegram.org:443 ssl:default [Connect call failed ('149.154.166.110', 443)]
WARNING:aiogram.dispatcher:Sleep for 4.852560 seconds and try again... (tryings = 91, bot id = 8922360706)
ERROR:aiogram.dispatcher:Failed to fetch updates - TelegramNetworkError: HTTP Client says - ClientConnectorError: Cannot connect to host api.telegram.org:443 ssl:default [Connect call failed ('149.154.166.110', 443)]
WARNING:aiogram.dispatcher:Sleep for 4.860220 seconds and try again... (tryings = 92, bot id = 8922360706)
ERROR:aiogram.dispatcher:Failed to fetch updates - TelegramNetworkError: HTTP Client says - ClientConnectorError: Cannot connect to host api.telegram.org:443 ssl:default [Connect call failed ('149.154.166.110', 443)]
WARNING:aiogram.dispatcher:Sleep for 5.018761 seconds and try again... (tryings = 93, bot id = 8922360706)
ERROR:aiogram.dispatcher:Failed to fetch updates - TelegramNetworkError: HTTP Client says - ClientConnectorError: Cannot connect to host api.telegram.org:443 ssl:default [Connect call failed ('149.154.166.110', 443)]
WARNING:aiogram.dispatcher:Sleep for 5.057632 seconds and try again... (tryings = 94, bot id = 8922360706)
ERROR:aiogram.dispatcher:Failed to fetch updates - TelegramNetworkError: HTTP Client says - ClientConnectorError: Cannot connect to host api.telegram.org:443 ssl:default [Connect call failed ('149.154.166.110', 443)]
WARNING:aiogram.dispatcher:Sleep for 5.119914 seconds and try again... (tryings = 95, bot id = 8922360706)
ERROR:aiogram.dispatcher:Failed to fetch updates - TelegramNetworkError: HTTP Client says - ClientConnectorError: Cannot connect to host api.telegram.org:443 ssl:default [Connect call failed ('149.154.166.110', 443)]
WARNING:aiogram.dispatcher:Sleep for 5.095055 seconds and try again... (tryings = 96, bot id = 8922360706)
ERROR:aiogram.dispatcher:Failed to fetch updates - TelegramNetworkError: HTTP Client says - ClientConnectorError: Cannot connect to host api.telegram.org:443 ssl:default [Connect call failed ('149.154.166.110', 443)]
WARNING:aiogram.dispatcher:Sleep for 4.934189 seconds and try again... (tryings = 97, bot id = 8922360706)
ERROR:aiogram.dispatcher:Failed to fetch updates - TelegramNetworkError: HTTP Client says - ClientConnectorError: Cannot connect to host api.telegram.org:443 ssl:default [Connect call failed ('149.154.166.110', 443)]
WARNING:aiogram.dispatcher:Sleep for 4.974399 seconds and try again... (tryings = 98, bot id = 8922360706)
ERROR:aiogram.dispatcher:Failed to fetch updates - TelegramNetworkError: HTTP Client says - ClientConnectorError: Cannot connect to host api.telegram.org:443 ssl:default [Connect call failed ('149.154.166.110', 443)]
WARNING:aiogram.dispatcher:Sleep for 5.023880 seconds and try again... (tryings = 99, bot id = 8922360706)
ERROR:aiogram.dispatcher:Failed to fetch updates - TelegramNetworkError: HTTP Client says - ClientConnectorError: Cannot connect to host api.telegram.org:443 ssl:default [Connect call failed ('149.154.166.110', 443)]
WARNING:aiogram.dispatcher:Sleep for 5.029012 seconds and try again... (tryings = 100, bot id = 8922360706)
ERROR:aiogram.dispatcher:Failed to fetch updates - TelegramNetworkError: HTTP Client says - ClientConnectorError: Cannot connect to host api.telegram.org:443 ssl:default [Connect call failed ('149.154.166.110', 443)]
WARNING:aiogram.dispatcher:Sleep for 4.968987 seconds and try again... (tryings = 101, bot id = 8922360706)
ERROR:aiogram.dispatcher:Failed to fetch updates - TelegramNetworkError: HTTP Client says - ClientConnectorError: Cannot connect to host api.telegram.org:443 ssl:default [Connect call failed ('149.154.166.110', 443)]
WARNING:aiogram.dispatcher:Sleep for 5.071906 seconds and try again... (tryings = 102, bot id = 8922360706)
ERROR:aiogram.dispatcher:Failed to fetch updates - TelegramNetworkError: HTTP Client says - ClientConnectorError: Cannot connect to host api.telegram.org:443 ssl:default [Connect call failed ('149.154.166.110', 443)]
WARNING:aiogram.dispatcher:Sleep for 4.801110 seconds and try again... (tryings = 103, bot id = 8922360706)
ERROR:aiogram.dispatcher:Failed to fetch updates - TelegramNetworkError: HTTP Client says - ClientConnectorError: Cannot connect to host api.telegram.org:443 ssl:default [Connect call failed ('149.154.166.110', 443)]
WARNING:aiogram.dispatcher:Sleep for 5.041070 seconds and try again... (tryings = 104, bot id = 8922360706)
ERROR:aiogram.dispatcher:Failed to fetch updates - TelegramNetworkError: HTTP Client says - ClientConnectorError: Cannot connect to host api.telegram.org:443 ssl:default [Connect call failed ('149.154.166.110', 443)]
WARNING:aiogram.dispatcher:Sleep for 5.099206 seconds and try again... (tryings = 105, bot id = 8922360706)
ERROR:aiogram.dispatcher:Failed to fetch updates - TelegramNetworkError: HTTP Client says - ClientConnectorError: Cannot connect to host api.telegram.org:443 ssl:default [Connect call failed ('149.154.166.110', 443)]
WARNING:aiogram.dispatcher:Sleep for 4.843919 seconds and try again... (tryings = 106, bot id = 8922360706)
ERROR:aiogram.dispatcher:Failed to fetch updates - TelegramNetworkError: HTTP Client says - ClientConnectorError: Cannot connect to host api.telegram.org:443 ssl:default [Connect call failed ('149.154.166.110', 443)]
WARNING:aiogram.dispatcher:Sleep for 4.957049 seconds and try again... (tryings = 107, bot id = 8922360706)
ERROR:aiogram.dispatcher:Failed to fetch updates - TelegramNetworkError: HTTP Client says - ClientConnectorError: Cannot connect to host api.telegram.org:443 ssl:default [Connect call failed ('149.154.166.110', 443)]
WARNING:aiogram.dispatcher:Sleep for 4.924548 seconds and try again... (tryings = 108, bot id = 8922360706)
ERROR:aiogram.dispatcher:Failed to fetch updates - TelegramNetworkError: HTTP Client says - ClientConnectorError: Cannot connect to host api.telegram.org:443 ssl:default [Connect call failed ('149.154.166.110', 443)]
WARNING:aiogram.dispatcher:Sleep for 4.997137 seconds and try again... (tryings = 109, bot id = 8922360706)
ERROR:aiogram.dispatcher:Failed to fetch updates - TelegramNetworkError: HTTP Client says - ClientConnectorError: Cannot connect to host api.telegram.org:443 ssl:default [Connect call failed ('149.154.166.110', 443)]
WARNING:aiogram.dispatcher:Sleep for 4.799218 seconds and try again... (tryings = 110, bot id = 8922360706)
ERROR:aiogram.dispatcher:Failed to fetch updates - TelegramNetworkError: HTTP Client says - ClientConnectorError: Cannot connect to host api.telegram.org:443 ssl:default [Connect call failed ('149.154.166.110', 443)]
WARNING:aiogram.dispatcher:Sleep for 4.846792 seconds and try again... (tryings = 111, bot id = 8922360706)
ERROR:aiogram.dispatcher:Failed to fetch updates - TelegramNetworkError: HTTP Client says - Request timeout error
WARNING:aiogram.dispatcher:Sleep for 5.010332 seconds and try again... (tryings = 112, bot id = 8922360706)
INFO:aiogram.dispatcher:Connection established (tryings = 113, bot id = 8922360706)
ERROR:aiogram.dispatcher:Failed to fetch updates - TelegramNetworkError: HTTP Client says - Request timeout error
WARNING:aiogram.dispatcher:Sleep for 1.000000 seconds and try again... (tryings = 0, bot id = 8922360706)
ERROR:aiogram.dispatcher:Failed to fetch updates - TelegramNetworkError: HTTP Client says - Request timeout error
WARNING:aiogram.dispatcher:Sleep for 1.293217 seconds and try again... (tryings = 1, bot id = 8922360706)
ERROR:aiogram.dispatcher:Failed to fetch updates - TelegramNetworkError: HTTP Client says - Request timeout error
WARNING:aiogram.dispatcher:Sleep for 1.619187 seconds and try again... (tryings = 2, bot id = 8922360706)
ERROR:aiogram.dispatcher:Failed to fetch updates - TelegramNetworkError: HTTP Client says - Request timeout error
WARNING:aiogram.dispatcher:Sleep for 1.979588 seconds and try again... (tryings = 3, bot id = 8922360706)
ERROR:aiogram.dispatcher:Failed to fetch updates - TelegramNetworkError: HTTP Client says - Request timeout error
WARNING:aiogram.dispatcher:Sleep for 2.533219 seconds and try again... (tryings = 4, bot id = 8922360706)
ERROR:aiogram.dispatcher:Failed to fetch updates - TelegramNetworkError: HTTP Client says - Request timeout error
WARNING:aiogram.dispatcher:Sleep for 3.136030 seconds and try again... (tryings = 5, bot id = 8922360706)
ERROR:aiogram.dispatcher:Failed to fetch updates - TelegramNetworkError: HTTP Client says - Request timeout error
WARNING:aiogram.dispatcher:Sleep for 3.986684 seconds and try again... (tryings = 6, bot id = 8922360706)
ERROR:aiogram.dispatcher:Failed to fetch updates - TelegramNetworkError: HTTP Client says - ClientConnectorError: Cannot connect to host api.telegram.org:443 ssl:default [None]
WARNING:aiogram.dispatcher:Sleep for 5.042862 seconds and try again... (tryings = 7, bot id = 8922360706)
INFO:aiogram.dispatcher:Connection established (tryings = 8, bot id = 8922360706)
ERROR:aiogram.dispatcher:Failed to fetch updates - TelegramNetworkError: HTTP Client says - Request timeout error
WARNING:aiogram.dispatcher:Sleep for 1.000000 seconds and try again... (tryings = 0, bot id = 8922360706)
ERROR:aiogram.dispatcher:Failed to fetch updates - TelegramNetworkError: HTTP Client says - ClientConnectorError: Cannot connect to host api.telegram.org:443 ssl:default [None]
WARNING:aiogram.dispatcher:Sleep for 1.468979 seconds and try again... (tryings = 1, bot id = 8922360706)
ERROR:aiogram.dispatcher:Failed to fetch updates - TelegramNetworkError: HTTP Client says - ClientConnectorError: Cannot connect to host api.telegram.org:443 ssl:default [None]
WARNING:aiogram.dispatcher:Sleep for 1.889723 seconds and try again... (tryings = 2, bot id = 8922360706)
ERROR:aiogram.dispatcher:Failed to fetch updates - TelegramNetworkError: HTTP Client says - ClientConnectorError: Cannot connect to host api.telegram.org:443 ssl:default [None]
WARNING:aiogram.dispatcher:Sleep for 2.530469 seconds and try again... (tryings = 3, bot id = 8922360706)
ERROR:aiogram.dispatcher:Failed to fetch updates - TelegramNetworkError: HTTP Client says - ClientConnectorError: Cannot connect to host api.telegram.org:443 ssl:default [None]
WARNING:aiogram.dispatcher:Sleep for 3.155960 seconds and try again... (tryings = 4, bot id = 8922360706)
ERROR:aiogram.dispatcher:Failed to fetch updates - TelegramNetworkError: HTTP Client says - ClientConnectorError: Cannot connect to host api.telegram.org:443 ssl:default [None]
WARNING:aiogram.dispatcher:Sleep for 4.326663 seconds and try again... (tryings = 5, bot id = 8922360706)
ERROR:aiogram.dispatcher:Failed to fetch updates - TelegramNetworkError: HTTP Client says - ClientConnectorError: Cannot connect to host api.telegram.org:443 ssl:default [None]
WARNING:aiogram.dispatcher:Sleep for 5.113878 seconds and try again... (tryings = 6, bot id = 8922360706)
ERROR:aiogram.dispatcher:Failed to fetch updates - TelegramNetworkError: HTTP Client says - ClientConnectorError: Cannot connect to host api.telegram.org:443 ssl:default [None]
WARNING:aiogram.dispatcher:Sleep for 4.972632 seconds and try again... (tryings = 7, bot id = 8922360706)
ERROR:aiogram.dispatcher:Failed to fetch updates - TelegramNetworkError: HTTP Client says - ClientConnectorError: Cannot connect to host api.telegram.org:443 ssl:default [None]
WARNING:aiogram.dispatcher:Sleep for 5.051270 seconds and try again... (tryings = 8, bot id = 8922360706)
ERROR:aiogram.dispatcher:Failed to fetch updates - TelegramNetworkError: HTTP Client says - ClientConnectorError: Cannot connect to host api.telegram.org:443 ssl:default [None]
WARNING:aiogram.dispatcher:Sleep for 5.157338 seconds and try again... (tryings = 9, bot id = 8922360706)
ERROR:aiogram.dispatcher:Failed to fetch updates - TelegramNetworkError: HTTP Client says - Request timeout error
WARNING:aiogram.dispatcher:Sleep for 4.963259 seconds and try again... (tryings = 10, bot id = 8922360706)
ERROR:aiogram.dispatcher:Failed to fetch updates - TelegramNetworkError: HTTP Client says - ClientConnectorError: Cannot connect to host api.telegram.org:443 ssl:default [None]
WARNING:aiogram.dispatcher:Sleep for 5.063023 seconds and try again... (tryings = 11, bot id = 8922360706)
ERROR:aiogram.dispatcher:Failed to fetch updates - TelegramNetworkError: HTTP Client says - ClientConnectorError: Cannot connect to host api.telegram.org:443 ssl:default [None]
WARNING:aiogram.dispatcher:Sleep for 5.033669 seconds and try again... (tryings = 12, bot id = 8922360706)
ERROR:aiogram.dispatcher:Failed to fetch updates - TelegramNetworkError: HTTP Client says - ClientConnectorError: Cannot connect to host api.telegram.org:443 ssl:default [None]
WARNING:aiogram.dispatcher:Sleep for 5.107179 seconds and try again... (tryings = 13, bot id = 8922360706)
ERROR:aiogram.dispatcher:Failed to fetch updates - TelegramNetworkError: HTTP Client says - Request timeout error
WARNING:aiogram.dispatcher:Sleep for 4.765105 seconds and try again... (tryings = 14, bot id = 8922360706)
ERROR:aiogram.dispatcher:Failed to fetch updates - TelegramNetworkError: HTTP Client says - ClientConnectorError: Cannot connect to host api.telegram.org:443 ssl:default [None]
WARNING:aiogram.dispatcher:Sleep for 5.059924 seconds and try again... (tryings = 15, bot id = 8922360706)
ERROR:aiogram.dispatcher:Failed to fetch updates - TelegramNetworkError: HTTP Client says - ClientConnectorError: Cannot connect to host api.telegram.org:443 ssl:default [None]
WARNING:aiogram.dispatcher:Sleep for 4.892931 seconds and try again... (tryings = 16, bot id = 8922360706)
ERROR:aiogram.dispatcher:Failed to fetch updates - TelegramNetworkError: HTTP Client says - ClientConnectorError: Cannot connect to host api.telegram.org:443 ssl:default [None]
WARNING:aiogram.dispatcher:Sleep for 4.950950 seconds and try again... (tryings = 17, bot id = 8922360706)
ERROR:aiogram.dispatcher:Failed to fetch updates - TelegramNetworkError: HTTP Client says - ClientConnectorError: Cannot connect to host api.telegram.org:443 ssl:default [None]
WARNING:aiogram.dispatcher:Sleep for 4.925886 seconds and try again... (tryings = 18, bot id = 8922360706)
INFO:aiogram.dispatcher:Connection established (tryings = 19, bot id = 8922360706)
ERROR:aiogram.dispatcher:Failed to fetch updates - TelegramNetworkError: HTTP Client says - Request timeout error
WARNING:aiogram.dispatcher:Sleep for 1.000000 seconds and try again... (tryings = 0, bot id = 8922360706)
INFO:aiogram.dispatcher:Connection established (tryings = 1, bot id = 8922360706)
ERROR:aiogram.dispatcher:Failed to fetch updates - TelegramNetworkError: HTTP Client says - ServerDisconnectedError: Server disconnected
WARNING:aiogram.dispatcher:Sleep for 1.000000 seconds and try again... (tryings = 0, bot id = 8922360706)
ERROR:aiogram.dispatcher:Failed to fetch updates - TelegramNetworkError: HTTP Client says - Request timeout error
WARNING:aiogram.dispatcher:Sleep for 1.304971 seconds and try again... (tryings = 1, bot id = 8922360706)
ERROR:aiogram.dispatcher:Failed to fetch updates - TelegramNetworkError: HTTP Client says - Request timeout error
WARNING:aiogram.dispatcher:Sleep for 1.889635 seconds and try again... (tryings = 2, bot id = 8922360706)
ERROR:aiogram.dispatcher:Failed to fetch updates - TelegramNetworkError: HTTP Client says - Request timeout error
WARNING:aiogram.dispatcher:Sleep for 2.455353 seconds and try again... (tryings = 3, bot id = 8922360706)
ERROR:aiogram.dispatcher:Failed to fetch updates - TelegramNetworkError: HTTP Client says - Request timeout error
WARNING:aiogram.dispatcher:Sleep for 3.107082 seconds and try again... (tryings = 4, bot id = 8922360706)
ERROR:aiogram.dispatcher:Failed to fetch updates - TelegramNetworkError: HTTP Client says - ClientConnectorError: Cannot connect to host api.telegram.org:443 ssl:default [None]
WARNING:aiogram.dispatcher:Sleep for 4.141646 seconds and try again... (tryings = 5, bot id = 8922360706)
ERROR:aiogram.dispatcher:Failed to fetch updates - TelegramNetworkError: HTTP Client says - ClientConnectorError: Cannot connect to host api.telegram.org:443 ssl:default [None]
WARNING:aiogram.dispatcher:Sleep for 5.037624 seconds and try again... (tryings = 6, bot id = 8922360706)
ERROR:aiogram.dispatcher:Failed to fetch updates - TelegramNetworkError: HTTP Client says - Request timeout error
WARNING:aiogram.dispatcher:Sleep for 4.932029 seconds and try again... (tryings = 7, bot id = 8922360706)
ERROR:aiogram.dispatcher:Failed to fetch updates - TelegramNetworkError: HTTP Client says - ClientConnectorError: Cannot connect to host api.telegram.org:443 ssl:default [None]
WARNING:aiogram.dispatcher:Sleep for 5.195362 seconds and try again... (tryings = 8, bot id = 8922360706)
ERROR:aiogram.dispatcher:Failed to fetch updates - TelegramNetworkError: HTTP Client says - ClientConnectorError: Cannot connect to host api.telegram.org:443 ssl:default [None]
WARNING:aiogram.dispatcher:Sleep for 5.037606 seconds and try again... (tryings = 9, bot id = 8922360706)
ERROR:aiogram.dispatcher:Failed to fetch updates - TelegramNetworkError: HTTP Client says - ClientConnectorError: Cannot connect to host api.telegram.org:443 ssl:default [None]
WARNING:aiogram.dispatcher:Sleep for 5.129649 seconds and try again... (tryings = 10, bot id = 8922360706)
ERROR:aiogram.dispatcher:Failed to fetch updates - TelegramNetworkError: HTTP Client says - ClientConnectorError: Cannot connect to host api.telegram.org:443 ssl:default [None]
WARNING:aiogram.dispatcher:Sleep for 4.900069 seconds and try again... (tryings = 11, bot id = 8922360706)
INFO:aiogram.dispatcher:Connection established (tryings = 12, bot id = 8922360706)
ERROR:aiogram.dispatcher:Failed to fetch updates - TelegramNetworkError: HTTP Client says - Request timeout error
WARNING:aiogram.dispatcher:Sleep for 1.000000 seconds and try again... (tryings = 0, bot id = 8922360706)
ERROR:aiogram.dispatcher:Failed to fetch updates - TelegramNetworkError: HTTP Client says - ClientConnectorError: Cannot connect to host api.telegram.org:443 ssl:default [None]
WARNING:aiogram.dispatcher:Sleep for 1.218064 seconds and try again... (tryings = 1, bot id = 8922360706)
ERROR:aiogram.dispatcher:Failed to fetch updates - TelegramNetworkError: HTTP Client says - Request timeout error
WARNING:aiogram.dispatcher:Sleep for 1.632958 seconds and try again... (tryings = 2, bot id = 8922360706)
ERROR:aiogram.dispatcher:Failed to fetch updates - TelegramNetworkError: HTTP Client says - Request timeout error
WARNING:aiogram.dispatcher:Sleep for 2.201641 seconds and try again... (tryings = 3, bot id = 8922360706)
ERROR:aiogram.dispatcher:Failed to fetch updates - TelegramNetworkError: HTTP Client says - Request timeout error
WARNING:aiogram.dispatcher:Sleep for 2.887833 seconds and try again... (tryings = 4, bot id = 8922360706)
ERROR:aiogram.dispatcher:Failed to fetch updates - TelegramNetworkError: HTTP Client says - Request timeout error
WARNING:aiogram.dispatcher:Sleep for 3.921174 seconds and try again... (tryings = 5, bot id = 8922360706)
ERROR:aiogram.dispatcher:Failed to fetch updates - TelegramNetworkError: HTTP Client says - Request timeout error
WARNING:aiogram.dispatcher:Sleep for 5.000681 seconds and try again... (tryings = 6, bot id = 8922360706)
ERROR:aiogram.dispatcher:Failed to fetch updates - TelegramNetworkError: HTTP Client says - Request timeout error
WARNING:aiogram.dispatcher:Sleep for 5.080617 seconds and try again... (tryings = 7, bot id = 8922360706)
ERROR:aiogram.dispatcher:Failed to fetch updates - TelegramNetworkError: HTTP Client says - Request timeout error
WARNING:aiogram.dispatcher:Sleep for 5.156708 seconds and try again... (tryings = 8, bot id = 8922360706)
INFO:aiogram.dispatcher:Connection established (tryings = 9, bot id = 8922360706)
ERROR:aiogram.dispatcher:Failed to fetch updates - TelegramNetworkError: HTTP Client says - Request timeout error
WARNING:aiogram.dispatcher:Sleep for 1.000000 seconds and try again... (tryings = 0, bot id = 8922360706)
ERROR:aiogram.dispatcher:Failed to fetch updates - TelegramNetworkError: HTTP Client says - Request timeout error
WARNING:aiogram.dispatcher:Sleep for 1.260879 seconds and try again... (tryings = 1, bot id = 8922360706)
ERROR:aiogram.dispatcher:Failed to fetch updates - TelegramNetworkError: HTTP Client says - Request timeout error
WARNING:aiogram.dispatcher:Sleep for 1.598340 seconds and try again... (tryings = 2, bot id = 8922360706)
ERROR:aiogram.dispatcher:Failed to fetch updates - TelegramNetworkError: HTTP Client says - Request timeout error
WARNING:aiogram.dispatcher:Sleep for 2.049129 seconds and try again... (tryings = 3, bot id = 8922360706)
INFO:aiogram.dispatcher:Connection established (tryings = 4, bot id = 8922360706)
ERROR:aiogram.dispatcher:Failed to fetch updates - TelegramNetworkError: HTTP Client says - Request timeout error
WARNING:aiogram.dispatcher:Sleep for 1.000000 seconds and try again... (tryings = 0, bot id = 8922360706)
ERROR:aiogram.dispatcher:Failed to fetch updates - TelegramNetworkError: HTTP Client says - Request timeout error
WARNING:aiogram.dispatcher:Sleep for 1.095675 seconds and try again... (tryings = 1, bot id = 8922360706)
INFO:aiogram.dispatcher:Connection established (tryings = 2, bot id = 8922360706)
ERROR:aiogram.dispatcher:Failed to fetch updates - TelegramNetworkError: HTTP Client says - Request timeout error
WARNING:aiogram.dispatcher:Sleep for 1.000000 seconds and try again... (tryings = 0, bot id = 8922360706)
ERROR:aiogram.dispatcher:Failed to fetch updates - TelegramNetworkError: HTTP Client says - Request timeout error
WARNING:aiogram.dispatcher:Sleep for 1.423008 seconds and try again... (tryings = 1, bot id = 8922360706)
ERROR:aiogram.dispatcher:Failed to fetch updates - TelegramNetworkError: HTTP Client says - Request timeout error
WARNING:aiogram.dispatcher:Sleep for 1.771445 seconds and try again... (tryings = 2, bot id = 8922360706)
ERROR:aiogram.dispatcher:Failed to fetch updates - TelegramNetworkError: HTTP Client says - Request timeout error
WARNING:aiogram.dispatcher:Sleep for 2.405859 seconds and try again... (tryings = 3, bot id = 8922360706)
ERROR:aiogram.dispatcher:Failed to fetch updates - TelegramNetworkError: HTTP Client says - Request timeout error
WARNING:aiogram.dispatcher:Sleep for 3.097093 seconds and try again... (tryings = 4, bot id = 8922360706)
ERROR:aiogram.dispatcher:Failed to fetch updates - TelegramNetworkError: HTTP Client says - Request timeout error
WARNING:aiogram.dispatcher:Sleep for 4.018191 seconds and try again... (tryings = 5, bot id = 8922360706)
ERROR:aiogram.dispatcher:Failed to fetch updates - TelegramNetworkError: HTTP Client says - Request timeout error
WARNING:aiogram.dispatcher:Sleep for 4.973576 seconds and try again... (tryings = 6, bot id = 8922360706)
ERROR:aiogram.dispatcher:Failed to fetch updates - TelegramNetworkError: HTTP Client says - Request timeout error
WARNING:aiogram.dispatcher:Sleep for 4.959649 seconds and try again... (tryings = 7, bot id = 8922360706)
ERROR:aiogram.dispatcher:Failed to fetch updates - TelegramNetworkError: HTTP Client says - Request timeout error
WARNING:aiogram.dispatcher:Sleep for 5.133174 seconds and try again... (tryings = 8, bot id = 8922360706)
ERROR:aiogram.dispatcher:Failed to fetch updates - TelegramNetworkError: HTTP Client says - Request timeout error
WARNING:aiogram.dispatcher:Sleep for 5.170071 seconds and try again... (tryings = 9, bot id = 8922360706)
ERROR:aiogram.dispatcher:Failed to fetch updates - TelegramNetworkError: HTTP Client says - Request timeout error
WARNING:aiogram.dispatcher:Sleep for 5.046504 seconds and try again... (tryings = 10, bot id = 8922360706)
ERROR:aiogram.dispatcher:Failed to fetch updates - TelegramNetworkError: HTTP Client says - Request timeout error
WARNING:aiogram.dispatcher:Sleep for 4.931051 seconds and try again... (tryings = 11, bot id = 8922360706)
ERROR:aiogram.dispatcher:Failed to fetch updates - TelegramNetworkError: HTTP Client says - Request timeout error
WARNING:aiogram.dispatcher:Sleep for 4.884251 seconds and try again... (tryings = 12, bot id = 8922360706)
ERROR:aiogram.dispatcher:Failed to fetch updates - TelegramNetworkError: HTTP Client says - Request timeout error
WARNING:aiogram.dispatcher:Sleep for 5.107500 seconds and try again... (tryings = 13, bot id = 8922360706)
ERROR:aiogram.dispatcher:Failed to fetch updates - TelegramNetworkError: HTTP Client says - Request timeout error
WARNING:aiogram.dispatcher:Sleep for 4.929947 seconds and try again... (tryings = 14, bot id = 8922360706)
ERROR:aiogram.dispatcher:Failed to fetch updates - TelegramNetworkError: HTTP Client says - Request timeout error
WARNING:aiogram.dispatcher:Sleep for 4.806999 seconds and try again... (tryings = 15, bot id = 8922360706)
ERROR:aiogram.dispatcher:Failed to fetch updates - TelegramNetworkError: HTTP Client says - Request timeout error
WARNING:aiogram.dispatcher:Sleep for 5.089573 seconds and try again... (tryings = 16, bot id = 8922360706)
ERROR:aiogram.dispatcher:Failed to fetch updates - TelegramNetworkError: HTTP Client says - Request timeout error
WARNING:aiogram.dispatcher:Sleep for 4.923137 seconds and try again... (tryings = 17, bot id = 8922360706)
ERROR:aiogram.dispatcher:Failed to fetch updates - TelegramNetworkError: HTTP Client says - Request timeout error
WARNING:aiogram.dispatcher:Sleep for 5.117246 seconds and try again... (tryings = 18, bot id = 8922360706)
ERROR:aiogram.dispatcher:Failed to fetch updates - TelegramNetworkError: HTTP Client says - Request timeout error
WARNING:aiogram.dispatcher:Sleep for 4.996560 seconds and try again... (tryings = 19, bot id = 8922360706)
ERROR:aiogram.dispatcher:Failed to fetch updates - TelegramNetworkError: HTTP Client says - Request timeout error
WARNING:aiogram.dispatcher:Sleep for 4.955519 seconds and try again... (tryings = 20, bot id = 8922360706)
ERROR:aiogram.dispatcher:Failed to fetch updates - TelegramNetworkError: HTTP Client says - Request timeout error
WARNING:aiogram.dispatcher:Sleep for 4.888890 seconds and try again... (tryings = 21, bot id = 8922360706)
ERROR:aiogram.dispatcher:Failed to fetch updates - TelegramNetworkError: HTTP Client says - Request timeout error
WARNING:aiogram.dispatcher:Sleep for 5.103220 seconds and try again... (tryings = 22, bot id = 8922360706)
ERROR:aiogram.dispatcher:Failed to fetch updates - TelegramNetworkError: HTTP Client says - Request timeout error
WARNING:aiogram.dispatcher:Sleep for 4.877173 seconds and try again... (tryings = 23, bot id = 8922360706)
ERROR:aiogram.dispatcher:Failed to fetch updates - TelegramNetworkError: HTTP Client says - Request timeout error
WARNING:aiogram.dispatcher:Sleep for 4.932255 seconds and try again... (tryings = 24, bot id = 8922360706)
ERROR:aiogram.dispatcher:Failed to fetch updates - TelegramNetworkError: HTTP Client says - Request timeout error
WARNING:aiogram.dispatcher:Sleep for 5.139152 seconds and try again... (tryings = 25, bot id = 8922360706)
ERROR:aiogram.dispatcher:Failed to fetch updates - TelegramNetworkError: HTTP Client says - Request timeout error
WARNING:aiogram.dispatcher:Sleep for 4.940281 seconds and try again... (tryings = 26, bot id = 8922360706)
ERROR:aiogram.dispatcher:Failed to fetch updates - TelegramNetworkError: HTTP Client says - Request timeout error
WARNING:aiogram.dispatcher:Sleep for 4.886869 seconds and try again... (tryings = 27, bot id = 8922360706)
ERROR:aiogram.dispatcher:Failed to fetch updates - TelegramNetworkError: HTTP Client says - Request timeout error
WARNING:aiogram.dispatcher:Sleep for 4.829317 seconds and try again... (tryings = 28, bot id = 8922360706)
ERROR:aiogram.dispatcher:Failed to fetch updates - TelegramNetworkError: HTTP Client says - Request timeout error
WARNING:aiogram.dispatcher:Sleep for 4.870746 seconds and try again... (tryings = 29, bot id = 8922360706)
ERROR:aiogram.dispatcher:Failed to fetch updates - TelegramNetworkError: HTTP Client says - Request timeout error
WARNING:aiogram.dispatcher:Sleep for 4.907881 seconds and try again... (tryings = 30, bot id = 8922360706)
ERROR:aiogram.dispatcher:Failed to fetch updates - TelegramNetworkError: HTTP Client says - Request timeout error
WARNING:aiogram.dispatcher:Sleep for 4.952726 seconds and try again... (tryings = 31, bot id = 8922360706)
ERROR:aiogram.dispatcher:Failed to fetch updates - TelegramNetworkError: HTTP Client says - Request timeout error
WARNING:aiogram.dispatcher:Sleep for 4.977288 seconds and try again... (tryings = 32, bot id = 8922360706)
ERROR:aiogram.dispatcher:Failed to fetch updates - TelegramNetworkError: HTTP Client says - Request timeout error
WARNING:aiogram.dispatcher:Sleep for 5.087923 seconds and try again... (tryings = 33, bot id = 8922360706)
ERROR:aiogram.dispatcher:Failed to fetch updates - TelegramNetworkError: HTTP Client says - Request timeout error
WARNING:aiogram.dispatcher:Sleep for 4.956343 seconds and try again... (tryings = 34, bot id = 8922360706)
ERROR:aiogram.dispatcher:Failed to fetch updates - TelegramNetworkError: HTTP Client says - ClientConnectorError: Cannot connect to host api.telegram.org:443 ssl:default [Connect call failed ('149.154.166.110', 443)]
WARNING:aiogram.dispatcher:Sleep for 4.831756 seconds and try again... (tryings = 35, bot id = 8922360706)
ERROR:aiogram.dispatcher:Failed to fetch updates - TelegramNetworkError: HTTP Client says - ClientConnectorError: Cannot connect to host api.telegram.org:443 ssl:default [Connect call failed ('149.154.166.110', 443)]
WARNING:aiogram.dispatcher:Sleep for 5.113546 seconds and try again... (tryings = 36, bot id = 8922360706)
ERROR:aiogram.dispatcher:Failed to fetch updates - TelegramNetworkError: HTTP Client says - ClientConnectorError: Cannot connect to host api.telegram.org:443 ssl:default [Connect call failed ('149.154.166.110', 443)]
WARNING:aiogram.dispatcher:Sleep for 4.915368 seconds and try again... (tryings = 37, bot id = 8922360706)
ERROR:aiogram.dispatcher:Failed to fetch updates - TelegramNetworkError: HTTP Client says - ClientConnectorError: Cannot connect to host api.telegram.org:443 ssl:default [Connect call failed ('149.154.166.110', 443)]
WARNING:aiogram.dispatcher:Sleep for 5.083347 seconds and try again... (tryings = 38, bot id = 8922360706)
ERROR:aiogram.dispatcher:Failed to fetch updates - TelegramNetworkError: HTTP Client says - ClientConnectorError: Cannot connect to host api.telegram.org:443 ssl:default [Connect call failed ('149.154.166.110', 443)]
WARNING:aiogram.dispatcher:Sleep for 5.022007 seconds and try again... (tryings = 39, bot id = 8922360706)
ERROR:aiogram.dispatcher:Failed to fetch updates - TelegramNetworkError: HTTP Client says - ClientConnectorError: Cannot connect to host api.telegram.org:443 ssl:default [Connect call failed ('149.154.166.110', 443)]
WARNING:aiogram.dispatcher:Sleep for 5.081154 seconds and try again... (tryings = 40, bot id = 8922360706)
ERROR:aiogram.dispatcher:Failed to fetch updates - TelegramNetworkError: HTTP Client says - ClientConnectorError: Cannot connect to host api.telegram.org:443 ssl:default [Connect call failed ('149.154.166.110', 443)]
WARNING:aiogram.dispatcher:Sleep for 5.041051 seconds and try again... (tryings = 41, bot id = 8922360706)
ERROR:aiogram.dispatcher:Failed to fetch updates - TelegramNetworkError: HTTP Client says - ClientConnectorError: Cannot connect to host api.telegram.org:443 ssl:default [Connect call failed ('149.154.166.110', 443)]
WARNING:aiogram.dispatcher:Sleep for 5.175931 seconds and try again... (tryings = 42, bot id = 8922360706)
ERROR:aiogram.dispatcher:Failed to fetch updates - TelegramNetworkError: HTTP Client says - ClientConnectorError: Cannot connect to host api.telegram.org:443 ssl:default [Connect call failed ('149.154.166.110', 443)]
WARNING:aiogram.dispatcher:Sleep for 4.918708 seconds and try again... (tryings = 43, bot id = 8922360706)
ERROR:aiogram.dispatcher:Failed to fetch updates - TelegramNetworkError: HTTP Client says - ClientConnectorError: Cannot connect to host api.telegram.org:443 ssl:default [Connect call failed ('149.154.166.110', 443)]
WARNING:aiogram.dispatcher:Sleep for 5.023535 seconds and try again... (tryings = 44, bot id = 8922360706)
ERROR:aiogram.dispatcher:Failed to fetch updates - TelegramNetworkError: HTTP Client says - ClientConnectorError: Cannot connect to host api.telegram.org:443 ssl:default [Connect call failed ('149.154.166.110', 443)]
WARNING:aiogram.dispatcher:Sleep for 4.989131 seconds and try again... (tryings = 45, bot id = 8922360706)
ERROR:aiogram.dispatcher:Failed to fetch updates - TelegramNetworkError: HTTP Client says - ClientConnectorError: Cannot connect to host api.telegram.org:443 ssl:default [Connect call failed ('149.154.166.110', 443)]
WARNING:aiogram.dispatcher:Sleep for 4.909621 seconds and try again... (tryings = 46, bot id = 8922360706)
ERROR:aiogram.dispatcher:Failed to fetch updates - TelegramNetworkError: HTTP Client says - ClientConnectorError: Cannot connect to host api.telegram.org:443 ssl:default [Connect call failed ('149.154.166.110', 443)]
WARNING:aiogram.dispatcher:Sleep for 4.849579 seconds and try again... (tryings = 47, bot id = 8922360706)
ERROR:aiogram.dispatcher:Failed to fetch updates - TelegramNetworkError: HTTP Client says - ClientConnectorError: Cannot connect to host api.telegram.org:443 ssl:default [Connect call failed ('149.154.166.110', 443)]
WARNING:aiogram.dispatcher:Sleep for 5.086545 seconds and try again... (tryings = 48, bot id = 8922360706)
ERROR:aiogram.dispatcher:Failed to fetch updates - TelegramNetworkError: HTTP Client says - ClientConnectorError: Cannot connect to host api.telegram.org:443 ssl:default [Connect call failed ('149.154.166.110', 443)]
WARNING:aiogram.dispatcher:Sleep for 5.123375 seconds and try again... (tryings = 49, bot id = 8922360706)
ERROR:aiogram.dispatcher:Failed to fetch updates - TelegramNetworkError: HTTP Client says - ClientConnectorError: Cannot connect to host api.telegram.org:443 ssl:default [Connect call failed ('149.154.166.110', 443)]
WARNING:aiogram.dispatcher:Sleep for 5.068110 seconds and try again... (tryings = 50, bot id = 8922360706)
ERROR:aiogram.dispatcher:Failed to fetch updates - TelegramNetworkError: HTTP Client says - ClientConnectorError: Cannot connect to host api.telegram.org:443 ssl:default [Connect call failed ('149.154.166.110', 443)]
WARNING:aiogram.dispatcher:Sleep for 4.740772 seconds and try again... (tryings = 51, bot id = 8922360706)
ERROR:aiogram.dispatcher:Failed to fetch updates - TelegramNetworkError: HTTP Client says - ClientConnectorError: Cannot connect to host api.telegram.org:443 ssl:default [Connect call failed ('149.154.166.110', 443)]
WARNING:aiogram.dispatcher:Sleep for 4.962543 seconds and try again... (tryings = 52, bot id = 8922360706)
ERROR:aiogram.dispatcher:Failed to fetch updates - TelegramNetworkError: HTTP Client says - ClientConnectorError: Cannot connect to host api.telegram.org:443 ssl:default [Connect call failed ('149.154.166.110', 443)]
WARNING:aiogram.dispatcher:Sleep for 5.157902 seconds and try again... (tryings = 53, bot id = 8922360706)
ERROR:aiogram.dispatcher:Failed to fetch updates - TelegramNetworkError: HTTP Client says - ClientConnectorError: Cannot connect to host api.telegram.org:443 ssl:default [Connect call failed ('149.154.166.110', 443)]
WARNING:aiogram.dispatcher:Sleep for 5.112260 seconds and try again... (tryings = 54, bot id = 8922360706)
ERROR:aiogram.dispatcher:Failed to fetch updates - TelegramNetworkError: HTTP Client says - ClientConnectorError: Cannot connect to host api.telegram.org:443 ssl:default [Connect call failed ('149.154.166.110', 443)]
WARNING:aiogram.dispatcher:Sleep for 4.925892 seconds and try again... (tryings = 55, bot id = 8922360706)
ERROR:aiogram.dispatcher:Failed to fetch updates - TelegramNetworkError: HTTP Client says - ClientConnectorError: Cannot connect to host api.telegram.org:443 ssl:default [Network is unreachable]
WARNING:aiogram.dispatcher:Sleep for 5.044666 seconds and try again... (tryings = 56, bot id = 8922360706)
ERROR:aiogram.dispatcher:Failed to fetch updates - TelegramNetworkError: HTTP Client says - ClientConnectorError: Cannot connect to host api.telegram.org:443 ssl:default [Network is unreachable]
WARNING:aiogram.dispatcher:Sleep for 5.015092 seconds and try again... (tryings = 57, bot id = 8922360706)
ERROR:aiogram.dispatcher:Failed to fetch updates - TelegramNetworkError: HTTP Client says - ClientConnectorError: Cannot connect to host api.telegram.org:443 ssl:default [Network is unreachable]
WARNING:aiogram.dispatcher:Sleep for 4.871821 seconds and try again... (tryings = 58, bot id = 8922360706)
ERROR:aiogram.dispatcher:Failed to fetch updates - TelegramNetworkError: HTTP Client says - ClientConnectorError: Cannot connect to host api.telegram.org:443 ssl:default [Network is unreachable]
WARNING:aiogram.dispatcher:Sleep for 4.955539 seconds and try again... (tryings = 59, bot id = 8922360706)
ERROR:aiogram.dispatcher:Failed to fetch updates - TelegramNetworkError: HTTP Client says - ClientConnectorError: Cannot connect to host api.telegram.org:443 ssl:default [Network is unreachable]
WARNING:aiogram.dispatcher:Sleep for 5.128754 seconds and try again... (tryings = 60, bot id = 8922360706)
ERROR:aiogram.dispatcher:Failed to fetch updates - TelegramNetworkError: HTTP Client says - Request timeout error
WARNING:aiogram.dispatcher:Sleep for 4.981261 seconds and try again... (tryings = 61, bot id = 8922360706)
ERROR:aiogram.dispatcher:Failed to fetch updates - TelegramNetworkError: HTTP Client says - Request timeout error
WARNING:aiogram.dispatcher:Sleep for 4.984996 seconds and try again... (tryings = 62, bot id = 8922360706)
ERROR:aiogram.dispatcher:Failed to fetch updates - TelegramNetworkError: HTTP Client says - Request timeout error
WARNING:aiogram.dispatcher:Sleep for 4.943890 seconds and try again... (tryings = 63, bot id = 8922360706)
ERROR:aiogram.dispatcher:Failed to fetch updates - TelegramNetworkError: HTTP Client says - Request timeout error
WARNING:aiogram.dispatcher:Sleep for 4.835855 seconds and try again... (tryings = 64, bot id = 8922360706)
ERROR:aiogram.dispatcher:Failed to fetch updates - TelegramNetworkError: HTTP Client says - Request timeout error
WARNING:aiogram.dispatcher:Sleep for 5.061872 seconds and try again... (tryings = 65, bot id = 8922360706)
ERROR:aiogram.dispatcher:Failed to fetch updates - TelegramNetworkError: HTTP Client says - Request timeout error
WARNING:aiogram.dispatcher:Sleep for 5.102413 seconds and try again... (tryings = 66, bot id = 8922360706)
ERROR:aiogram.dispatcher:Failed to fetch updates - TelegramNetworkError: HTTP Client says - Request timeout error
WARNING:aiogram.dispatcher:Sleep for 5.228911 seconds and try again... (tryings = 67, bot id = 8922360706)
ERROR:aiogram.dispatcher:Failed to fetch updates - TelegramNetworkError: HTTP Client says - Request timeout error
WARNING:aiogram.dispatcher:Sleep for 5.025082 seconds and try again... (tryings = 68, bot id = 8922360706)
ERROR:aiogram.dispatcher:Failed to fetch updates - TelegramNetworkError: HTTP Client says - Request timeout error
WARNING:aiogram.dispatcher:Sleep for 5.008254 seconds and try again... (tryings = 69, bot id = 8922360706)
ERROR:aiogram.dispatcher:Failed to fetch updates - TelegramNetworkError: HTTP Client says - Request timeout error
WARNING:aiogram.dispatcher:Sleep for 5.036682 seconds and try again... (tryings = 70, bot id = 8922360706)
ERROR:aiogram.dispatcher:Failed to fetch updates - TelegramNetworkError: HTTP Client says - Request timeout error
WARNING:aiogram.dispatcher:Sleep for 4.835748 seconds and try again... (tryings = 71, bot id = 8922360706)
ERROR:aiogram.dispatcher:Failed to fetch updates - TelegramNetworkError: HTTP Client says - ClientConnectorCertificateError: Cannot connect to host api.telegram.org:443 ssl:True [SSLCertVerificationError: (1, "[SSL: CERTIFICATE_VERIFY_FAILED] certificate verify failed: Hostname mismatch, certificate is not valid for 'api.telegram.org'. (_ssl.c:1081)")]
WARNING:aiogram.dispatcher:Sleep for 5.044195 seconds and try again... (tryings = 72, bot id = 8922360706)
ERROR:aiogram.dispatcher:Failed to fetch updates - TelegramNetworkError: HTTP Client says - ClientConnectorCertificateError: Cannot connect to host api.telegram.org:443 ssl:True [SSLCertVerificationError: (1, "[SSL: CERTIFICATE_VERIFY_FAILED] certificate verify failed: Hostname mismatch, certificate is not valid for 'api.telegram.org'. (_ssl.c:1081)")]
WARNING:aiogram.dispatcher:Sleep for 5.174348 seconds and try again... (tryings = 73, bot id = 8922360706)
ERROR:aiogram.dispatcher:Failed to fetch updates - TelegramNetworkError: HTTP Client says - ClientConnectorCertificateError: Cannot connect to host api.telegram.org:443 ssl:True [SSLCertVerificationError: (1, "[SSL: CERTIFICATE_VERIFY_FAILED] certificate verify failed: Hostname mismatch, certificate is not valid for 'api.telegram.org'. (_ssl.c:1081)")]
WARNING:aiogram.dispatcher:Sleep for 4.932755 seconds and try again... (tryings = 74, bot id = 8922360706)
ERROR:aiogram.dispatcher:Failed to fetch updates - TelegramNetworkError: HTTP Client says - ClientConnectorCertificateError: Cannot connect to host api.telegram.org:443 ssl:True [SSLCertVerificationError: (1, "[SSL: CERTIFICATE_VERIFY_FAILED] certificate verify failed: Hostname mismatch, certificate is not valid for 'api.telegram.org'. (_ssl.c:1081)")]
WARNING:aiogram.dispatcher:Sleep for 5.023012 seconds and try again... (tryings = 75, bot id = 8922360706)
ERROR:aiogram.dispatcher:Failed to fetch updates - TelegramNetworkError: HTTP Client says - ClientConnectorCertificateError: Cannot connect to host api.telegram.org:443 ssl:True [SSLCertVerificationError: (1, "[SSL: CERTIFICATE_VERIFY_FAILED] certificate verify failed: Hostname mismatch, certificate is not valid for 'api.telegram.org'. (_ssl.c:1081)")]
WARNING:aiogram.dispatcher:Sleep for 4.904944 seconds and try again... (tryings = 76, bot id = 8922360706)
ERROR:aiogram.dispatcher:Failed to fetch updates - TelegramNetworkError: HTTP Client says - ClientConnectorCertificateError: Cannot connect to host api.telegram.org:443 ssl:True [SSLCertVerificationError: (1, "[SSL: CERTIFICATE_VERIFY_FAILED] certificate verify failed: Hostname mismatch, certificate is not valid for 'api.telegram.org'. (_ssl.c:1081)")]
WARNING:aiogram.dispatcher:Sleep for 4.799066 seconds and try again... (tryings = 77, bot id = 8922360706)
ERROR:aiogram.dispatcher:Failed to fetch updates - TelegramNetworkError: HTTP Client says - ClientConnectorCertificateError: Cannot connect to host api.telegram.org:443 ssl:True [SSLCertVerificationError: (1, "[SSL: CERTIFICATE_VERIFY_FAILED] certificate verify failed: Hostname mismatch, certificate is not valid for 'api.telegram.org'. (_ssl.c:1081)")]
WARNING:aiogram.dispatcher:Sleep for 4.930293 seconds and try again... (tryings = 78, bot id = 8922360706)
ERROR:aiogram.dispatcher:Failed to fetch updates - TelegramNetworkError: HTTP Client says - ClientConnectorCertificateError: Cannot connect to host api.telegram.org:443 ssl:True [SSLCertVerificationError: (1, "[SSL: CERTIFICATE_VERIFY_FAILED] certificate verify failed: Hostname mismatch, certificate is not valid for 'api.telegram.org'. (_ssl.c:1081)")]
WARNING:aiogram.dispatcher:Sleep for 4.956627 seconds and try again... (tryings = 79, bot id = 8922360706)
ERROR:aiogram.dispatcher:Failed to fetch updates - TelegramNetworkError: HTTP Client says - ClientConnectorCertificateError: Cannot connect to host api.telegram.org:443 ssl:True [SSLCertVerificationError: (1, "[SSL: CERTIFICATE_VERIFY_FAILED] certificate verify failed: Hostname mismatch, certificate is not valid for 'api.telegram.org'. (_ssl.c:1081)")]
WARNING:aiogram.dispatcher:Sleep for 4.947617 seconds and try again... (tryings = 80, bot id = 8922360706)
ERROR:aiogram.dispatcher:Failed to fetch updates - TelegramNetworkError: HTTP Client says - ClientConnectorCertificateError: Cannot connect to host api.telegram.org:443 ssl:True [SSLCertVerificationError: (1, "[SSL: CERTIFICATE_VERIFY_FAILED] certificate verify failed: Hostname mismatch, certificate is not valid for 'api.telegram.org'. (_ssl.c:1081)")]
WARNING:aiogram.dispatcher:Sleep for 4.992687 seconds and try again... (tryings = 81, bot id = 8922360706)
ERROR:aiogram.dispatcher:Failed to fetch updates - TelegramNetworkError: HTTP Client says - ClientConnectorCertificateError: Cannot connect to host api.telegram.org:443 ssl:True [SSLCertVerificationError: (1, "[SSL: CERTIFICATE_VERIFY_FAILED] certificate verify failed: Hostname mismatch, certificate is not valid for 'api.telegram.org'. (_ssl.c:1081)")]
WARNING:aiogram.dispatcher:Sleep for 5.020008 seconds and try again... (tryings = 82, bot id = 8922360706)
ERROR:aiogram.dispatcher:Failed to fetch updates - TelegramNetworkError: HTTP Client says - ClientConnectorCertificateError: Cannot connect to host api.telegram.org:443 ssl:True [SSLCertVerificationError: (1, "[SSL: CERTIFICATE_VERIFY_FAILED] certificate verify failed: Hostname mismatch, certificate is not valid for 'api.telegram.org'. (_ssl.c:1081)")]
WARNING:aiogram.dispatcher:Sleep for 5.010156 seconds and try again... (tryings = 83, bot id = 8922360706)
ERROR:aiogram.dispatcher:Failed to fetch updates - TelegramNetworkError: HTTP Client says - ClientConnectorCertificateError: Cannot connect to host api.telegram.org:443 ssl:True [SSLCertVerificationError: (1, "[SSL: CERTIFICATE_VERIFY_FAILED] certificate verify failed: Hostname mismatch, certificate is not valid for 'api.telegram.org'. (_ssl.c:1081)")]
WARNING:aiogram.dispatcher:Sleep for 4.964029 seconds and try again... (tryings = 84, bot id = 8922360706)
ERROR:aiogram.dispatcher:Failed to fetch updates - TelegramNetworkError: HTTP Client says - ClientConnectorCertificateError: Cannot connect to host api.telegram.org:443 ssl:True [SSLCertVerificationError: (1, "[SSL: CERTIFICATE_VERIFY_FAILED] certificate verify failed: Hostname mismatch, certificate is not valid for 'api.telegram.org'. (_ssl.c:1081)")]
WARNING:aiogram.dispatcher:Sleep for 5.098676 seconds and try again... (tryings = 85, bot id = 8922360706)
ERROR:aiogram.dispatcher:Failed to fetch updates - TelegramNetworkError: HTTP Client says - ClientConnectorCertificateError: Cannot connect to host api.telegram.org:443 ssl:True [SSLCertVerificationError: (1, "[SSL: CERTIFICATE_VERIFY_FAILED] certificate verify failed: Hostname mismatch, certificate is not valid for 'api.telegram.org'. (_ssl.c:1081)")]
WARNING:aiogram.dispatcher:Sleep for 4.919177 seconds and try again... (tryings = 86, bot id = 8922360706)
ERROR:aiogram.dispatcher:Failed to fetch updates - TelegramNetworkError: HTTP Client says - ClientConnectorCertificateError: Cannot connect to host api.telegram.org:443 ssl:True [SSLCertVerificationError: (1, "[SSL: CERTIFICATE_VERIFY_FAILED] certificate verify failed: Hostname mismatch, certificate is not valid for 'api.telegram.org'. (_ssl.c:1081)")]
WARNING:aiogram.dispatcher:Sleep for 4.778259 seconds and try again... (tryings = 87, bot id = 8922360706)
ERROR:aiogram.dispatcher:Failed to fetch updates - TelegramNetworkError: HTTP Client says - ClientConnectorCertificateError: Cannot connect to host api.telegram.org:443 ssl:True [SSLCertVerificationError: (1, "[SSL: CERTIFICATE_VERIFY_FAILED] certificate verify failed: Hostname mismatch, certificate is not valid for 'api.telegram.org'. (_ssl.c:1081)")]
WARNING:aiogram.dispatcher:Sleep for 5.024478 seconds and try again... (tryings = 88, bot id = 8922360706)
ERROR:aiogram.dispatcher:Failed to fetch updates - TelegramNetworkError: HTTP Client says - ClientConnectorCertificateError: Cannot connect to host api.telegram.org:443 ssl:True [SSLCertVerificationError: (1, "[SSL: CERTIFICATE_VERIFY_FAILED] certificate verify failed: Hostname mismatch, certificate is not valid for 'api.telegram.org'. (_ssl.c:1081)")]
WARNING:aiogram.dispatcher:Sleep for 4.984466 seconds and try again... (tryings = 89, bot id = 8922360706)
ERROR:aiogram.dispatcher:Failed to fetch updates - TelegramNetworkError: HTTP Client says - ClientConnectorCertificateError: Cannot connect to host api.telegram.org:443 ssl:True [SSLCertVerificationError: (1, "[SSL: CERTIFICATE_VERIFY_FAILED] certificate verify failed: Hostname mismatch, certificate is not valid for 'api.telegram.org'. (_ssl.c:1081)")]
WARNING:aiogram.dispatcher:Sleep for 5.080141 seconds and try again... (tryings = 90, bot id = 8922360706)
ERROR:aiogram.dispatcher:Failed to fetch updates - TelegramNetworkError: HTTP Client says - ClientConnectorCertificateError: Cannot connect to host api.telegram.org:443 ssl:True [SSLCertVerificationError: (1, "[SSL: CERTIFICATE_VERIFY_FAILED] certificate verify failed: Hostname mismatch, certificate is not valid for 'api.telegram.org'. (_ssl.c:1081)")]
WARNING:aiogram.dispatcher:Sleep for 4.964513 seconds and try again... (tryings = 91, bot id = 8922360706)
ERROR:aiogram.dispatcher:Failed to fetch updates - TelegramNetworkError: HTTP Client says - ClientConnectorCertificateError: Cannot connect to host api.telegram.org:443 ssl:True [SSLCertVerificationError: (1, "[SSL: CERTIFICATE_VERIFY_FAILED] certificate verify failed: Hostname mismatch, certificate is not valid for 'api.telegram.org'. (_ssl.c:1081)")]
WARNING:aiogram.dispatcher:Sleep for 5.024309 seconds and try again... (tryings = 92, bot id = 8922360706)
ERROR:aiogram.dispatcher:Failed to fetch updates - TelegramNetworkError: HTTP Client says - ClientConnectorCertificateError: Cannot connect to host api.telegram.org:443 ssl:True [SSLCertVerificationError: (1, "[SSL: CERTIFICATE_VERIFY_FAILED] certificate verify failed: Hostname mismatch, certificate is not valid for 'api.telegram.org'. (_ssl.c:1081)")]
WARNING:aiogram.dispatcher:Sleep for 4.939765 seconds and try again... (tryings = 93, bot id = 8922360706)
ERROR:aiogram.dispatcher:Failed to fetch updates - TelegramNetworkError: HTTP Client says - ClientConnectorCertificateError: Cannot connect to host api.telegram.org:443 ssl:True [SSLCertVerificationError: (1, "[SSL: CERTIFICATE_VERIFY_FAILED] certificate verify failed: Hostname mismatch, certificate is not valid for 'api.telegram.org'. (_ssl.c:1081)")]
WARNING:aiogram.dispatcher:Sleep for 5.101938 seconds and try again... (tryings = 94, bot id = 8922360706)
ERROR:aiogram.dispatcher:Failed to fetch updates - TelegramNetworkError: HTTP Client says - ClientConnectorCertificateError: Cannot connect to host api.telegram.org:443 ssl:True [SSLCertVerificationError: (1, "[SSL: CERTIFICATE_VERIFY_FAILED] certificate verify failed: Hostname mismatch, certificate is not valid for 'api.telegram.org'. (_ssl.c:1081)")]
WARNING:aiogram.dispatcher:Sleep for 4.932241 seconds and try again... (tryings = 95, bot id = 8922360706)
ERROR:aiogram.dispatcher:Failed to fetch updates - TelegramNetworkError: HTTP Client says - ClientConnectorCertificateError: Cannot connect to host api.telegram.org:443 ssl:True [SSLCertVerificationError: (1, "[SSL: CERTIFICATE_VERIFY_FAILED] certificate verify failed: Hostname mismatch, certificate is not valid for 'api.telegram.org'. (_ssl.c:1081)")]
WARNING:aiogram.dispatcher:Sleep for 5.146805 seconds and try again... (tryings = 96, bot id = 8922360706)
ERROR:aiogram.dispatcher:Failed to fetch updates - TelegramNetworkError: HTTP Client says - ClientConnectorCertificateError: Cannot connect to host api.telegram.org:443 ssl:True [SSLCertVerificationError: (1, "[SSL: CERTIFICATE_VERIFY_FAILED] certificate verify failed: Hostname mismatch, certificate is not valid for 'api.telegram.org'. (_ssl.c:1081)")]
WARNING:aiogram.dispatcher:Sleep for 4.853272 seconds and try again... (tryings = 97, bot id = 8922360706)
ERROR:aiogram.dispatcher:Failed to fetch updates - TelegramNetworkError: HTTP Client says - ClientConnectorCertificateError: Cannot connect to host api.telegram.org:443 ssl:True [SSLCertVerificationError: (1, "[SSL: CERTIFICATE_VERIFY_FAILED] certificate verify failed: Hostname mismatch, certificate is not valid for 'api.telegram.org'. (_ssl.c:1081)")]
WARNING:aiogram.dispatcher:Sleep for 4.914990 seconds and try again... (tryings = 98, bot id = 8922360706)
ERROR:aiogram.dispatcher:Failed to fetch updates - TelegramNetworkError: HTTP Client says - ClientConnectorCertificateError: Cannot connect to host api.telegram.org:443 ssl:True [SSLCertVerificationError: (1, "[SSL: CERTIFICATE_VERIFY_FAILED] certificate verify failed: Hostname mismatch, certificate is not valid for 'api.telegram.org'. (_ssl.c:1081)")]
WARNING:aiogram.dispatcher:Sleep for 4.951391 seconds and try again... (tryings = 99, bot id = 8922360706)
ERROR:aiogram.dispatcher:Failed to fetch updates - TelegramNetworkError: HTTP Client says - ClientConnectorCertificateError: Cannot connect to host api.telegram.org:443 ssl:True [SSLCertVerificationError: (1, "[SSL: CERTIFICATE_VERIFY_FAILED] certificate verify failed: Hostname mismatch, certificate is not valid for 'api.telegram.org'. (_ssl.c:1081)")]
WARNING:aiogram.dispatcher:Sleep for 5.105910 seconds and try again... (tryings = 100, bot id = 8922360706)
ERROR:aiogram.dispatcher:Failed to fetch updates - TelegramNetworkError: HTTP Client says - ClientConnectorCertificateError: Cannot connect to host api.telegram.org:443 ssl:True [SSLCertVerificationError: (1, "[SSL: CERTIFICATE_VERIFY_FAILED] certificate verify failed: Hostname mismatch, certificate is not valid for 'api.telegram.org'. (_ssl.c:1081)")]
WARNING:aiogram.dispatcher:Sleep for 5.011522 seconds and try again... (tryings = 101, bot id = 8922360706)
ERROR:aiogram.dispatcher:Failed to fetch updates - TelegramNetworkError: HTTP Client says - ClientConnectorCertificateError: Cannot connect to host api.telegram.org:443 ssl:True [SSLCertVerificationError: (1, "[SSL: CERTIFICATE_VERIFY_FAILED] certificate verify failed: Hostname mismatch, certificate is not valid for 'api.telegram.org'. (_ssl.c:1081)")]
WARNING:aiogram.dispatcher:Sleep for 5.011962 seconds and try again... (tryings = 102, bot id = 8922360706)
ERROR:aiogram.dispatcher:Failed to fetch updates - TelegramNetworkError: HTTP Client says - ClientConnectorCertificateError: Cannot connect to host api.telegram.org:443 ssl:True [SSLCertVerificationError: (1, "[SSL: CERTIFICATE_VERIFY_FAILED] certificate verify failed: Hostname mismatch, certificate is not valid for 'api.telegram.org'. (_ssl.c:1081)")]
WARNING:aiogram.dispatcher:Sleep for 5.041212 seconds and try again... (tryings = 103, bot id = 8922360706)
ERROR:aiogram.dispatcher:Failed to fetch updates - TelegramNetworkError: HTTP Client says - ClientConnectorCertificateError: Cannot connect to host api.telegram.org:443 ssl:True [SSLCertVerificationError: (1, "[SSL: CERTIFICATE_VERIFY_FAILED] certificate verify failed: Hostname mismatch, certificate is not valid for 'api.telegram.org'. (_ssl.c:1081)")]
WARNING:aiogram.dispatcher:Sleep for 4.964908 seconds and try again... (tryings = 104, bot id = 8922360706)
ERROR:aiogram.dispatcher:Failed to fetch updates - TelegramNetworkError: HTTP Client says - ClientConnectorCertificateError: Cannot connect to host api.telegram.org:443 ssl:True [SSLCertVerificationError: (1, "[SSL: CERTIFICATE_VERIFY_FAILED] certificate verify failed: Hostname mismatch, certificate is not valid for 'api.telegram.org'. (_ssl.c:1081)")]
WARNING:aiogram.dispatcher:Sleep for 5.010993 seconds and try again... (tryings = 105, bot id = 8922360706)
ERROR:aiogram.dispatcher:Failed to fetch updates - TelegramNetworkError: HTTP Client says - ClientConnectorCertificateError: Cannot connect to host api.telegram.org:443 ssl:True [SSLCertVerificationError: (1, "[SSL: CERTIFICATE_VERIFY_FAILED] certificate verify failed: Hostname mismatch, certificate is not valid for 'api.telegram.org'. (_ssl.c:1081)")]
WARNING:aiogram.dispatcher:Sleep for 5.055539 seconds and try again... (tryings = 106, bot id = 8922360706)
ERROR:aiogram.dispatcher:Failed to fetch updates - TelegramNetworkError: HTTP Client says - ClientConnectorCertificateError: Cannot connect to host api.telegram.org:443 ssl:True [SSLCertVerificationError: (1, "[SSL: CERTIFICATE_VERIFY_FAILED] certificate verify failed: Hostname mismatch, certificate is not valid for 'api.telegram.org'. (_ssl.c:1081)")]
WARNING:aiogram.dispatcher:Sleep for 5.063499 seconds and try again... (tryings = 107, bot id = 8922360706)
ERROR:aiogram.dispatcher:Failed to fetch updates - TelegramNetworkError: HTTP Client says - ClientConnectorCertificateError: Cannot connect to host api.telegram.org:443 ssl:True [SSLCertVerificationError: (1, "[SSL: CERTIFICATE_VERIFY_FAILED] certificate verify failed: Hostname mismatch, certificate is not valid for 'api.telegram.org'. (_ssl.c:1081)")]
WARNING:aiogram.dispatcher:Sleep for 5.035345 seconds and try again... (tryings = 108, bot id = 8922360706)
ERROR:aiogram.dispatcher:Failed to fetch updates - TelegramNetworkError: HTTP Client says - ClientConnectorCertificateError: Cannot connect to host api.telegram.org:443 ssl:True [SSLCertVerificationError: (1, "[SSL: CERTIFICATE_VERIFY_FAILED] certificate verify failed: Hostname mismatch, certificate is not valid for 'api.telegram.org'. (_ssl.c:1081)")]
WARNING:aiogram.dispatcher:Sleep for 4.836482 seconds and try again... (tryings = 109, bot id = 8922360706)
ERROR:aiogram.dispatcher:Failed to fetch updates - TelegramNetworkError: HTTP Client says - ClientConnectorCertificateError: Cannot connect to host api.telegram.org:443 ssl:True [SSLCertVerificationError: (1, "[SSL: CERTIFICATE_VERIFY_FAILED] certificate verify failed: Hostname mismatch, certificate is not valid for 'api.telegram.org'. (_ssl.c:1081)")]
WARNING:aiogram.dispatcher:Sleep for 4.923181 seconds and try again... (tryings = 110, bot id = 8922360706)
ERROR:aiogram.dispatcher:Failed to fetch updates - TelegramNetworkError: HTTP Client says - ClientConnectorCertificateError: Cannot connect to host api.telegram.org:443 ssl:True [SSLCertVerificationError: (1, "[SSL: CERTIFICATE_VERIFY_FAILED] certificate verify failed: Hostname mismatch, certificate is not valid for 'api.telegram.org'. (_ssl.c:1081)")]
WARNING:aiogram.dispatcher:Sleep for 5.203770 seconds and try again... (tryings = 111, bot id = 8922360706)
ERROR:aiogram.dispatcher:Failed to fetch updates - TelegramNetworkError: HTTP Client says - ClientConnectorCertificateError: Cannot connect to host api.telegram.org:443 ssl:True [SSLCertVerificationError: (1, "[SSL: CERTIFICATE_VERIFY_FAILED] certificate verify failed: Hostname mismatch, certificate is not valid for 'api.telegram.org'. (_ssl.c:1081)")]
WARNING:aiogram.dispatcher:Sleep for 4.979592 seconds and try again... (tryings = 112, bot id = 8922360706)
ERROR:aiogram.dispatcher:Failed to fetch updates - TelegramNetworkError: HTTP Client says - ClientConnectorCertificateError: Cannot connect to host api.telegram.org:443 ssl:True [SSLCertVerificationError: (1, "[SSL: CERTIFICATE_VERIFY_FAILED] certificate verify failed: Hostname mismatch, certificate is not valid for 'api.telegram.org'. (_ssl.c:1081)")]
WARNING:aiogram.dispatcher:Sleep for 4.904535 seconds and try again... (tryings = 113, bot id = 8922360706)
ERROR:aiogram.dispatcher:Failed to fetch updates - TelegramNetworkError: HTTP Client says - ClientConnectorCertificateError: Cannot connect to host api.telegram.org:443 ssl:True [SSLCertVerificationError: (1, "[SSL: CERTIFICATE_VERIFY_FAILED] certificate verify failed: Hostname mismatch, certificate is not valid for 'api.telegram.org'. (_ssl.c:1081)")]
WARNING:aiogram.dispatcher:Sleep for 4.964352 seconds and try again... (tryings = 114, bot id = 8922360706)
ERROR:aiogram.dispatcher:Failed to fetch updates - TelegramNetworkError: HTTP Client says - ClientConnectorCertificateError: Cannot connect to host api.telegram.org:443 ssl:True [SSLCertVerificationError: (1, "[SSL: CERTIFICATE_VERIFY_FAILED] certificate verify failed: Hostname mismatch, certificate is not valid for 'api.telegram.org'. (_ssl.c:1081)")]
WARNING:aiogram.dispatcher:Sleep for 5.032698 seconds and try again... (tryings = 115, bot id = 8922360706)
ERROR:aiogram.dispatcher:Failed to fetch updates - TelegramNetworkError: HTTP Client says - ClientConnectorCertificateError: Cannot connect to host api.telegram.org:443 ssl:True [SSLCertVerificationError: (1, "[SSL: CERTIFICATE_VERIFY_FAILED] certificate verify failed: Hostname mismatch, certificate is not valid for 'api.telegram.org'. (_ssl.c:1081)")]
WARNING:aiogram.dispatcher:Sleep for 4.864185 seconds and try again... (tryings = 116, bot id = 8922360706)
ERROR:aiogram.dispatcher:Failed to fetch updates - TelegramNetworkError: HTTP Client says - ClientConnectorCertificateError: Cannot connect to host api.telegram.org:443 ssl:True [SSLCertVerificationError: (1, "[SSL: CERTIFICATE_VERIFY_FAILED] certificate verify failed: Hostname mismatch, certificate is not valid for 'api.telegram.org'. (_ssl.c:1081)")]
WARNING:aiogram.dispatcher:Sleep for 4.960670 seconds and try again... (tryings = 117, bot id = 8922360706)
ERROR:aiogram.dispatcher:Failed to fetch updates - TelegramNetworkError: HTTP Client says - ClientConnectorCertificateError: Cannot connect to host api.telegram.org:443 ssl:True [SSLCertVerificationError: (1, "[SSL: CERTIFICATE_VERIFY_FAILED] certificate verify failed: Hostname mismatch, certificate is not valid for 'api.telegram.org'. (_ssl.c:1081)")]
WARNING:aiogram.dispatcher:Sleep for 5.029014 seconds and try again... (tryings = 118, bot id = 8922360706)
ERROR:aiogram.dispatcher:Failed to fetch updates - TelegramNetworkError: HTTP Client says - ClientConnectorCertificateError: Cannot connect to host api.telegram.org:443 ssl:True [SSLCertVerificationError: (1, "[SSL: CERTIFICATE_VERIFY_FAILED] certificate verify failed: Hostname mismatch, certificate is not valid for 'api.telegram.org'. (_ssl.c:1081)")]
WARNING:aiogram.dispatcher:Sleep for 4.991916 seconds and try again... (tryings = 119, bot id = 8922360706)
ERROR:aiogram.dispatcher:Failed to fetch updates - TelegramNetworkError: HTTP Client says - ClientConnectorCertificateError: Cannot connect to host api.telegram.org:443 ssl:True [SSLCertVerificationError: (1, "[SSL: CERTIFICATE_VERIFY_FAILED] certificate verify failed: Hostname mismatch, certificate is not valid for 'api.telegram.org'. (_ssl.c:1081)")]
WARNING:aiogram.dispatcher:Sleep for 4.996813 seconds and try again... (tryings = 120, bot id = 8922360706)
ERROR:aiogram.dispatcher:Failed to fetch updates - TelegramNetworkError: HTTP Client says - ClientConnectorCertificateError: Cannot connect to host api.telegram.org:443 ssl:True [SSLCertVerificationError: (1, "[SSL: CERTIFICATE_VERIFY_FAILED] certificate verify failed: Hostname mismatch, certificate is not valid for 'api.telegram.org'. (_ssl.c:1081)")]
WARNING:aiogram.dispatcher:Sleep for 5.244467 seconds and try again... (tryings = 121, bot id = 8922360706)
ERROR:aiogram.dispatcher:Failed to fetch updates - TelegramNetworkError: HTTP Client says - ClientConnectorCertificateError: Cannot connect to host api.telegram.org:443 ssl:True [SSLCertVerificationError: (1, "[SSL: CERTIFICATE_VERIFY_FAILED] certificate verify failed: Hostname mismatch, certificate is not valid for 'api.telegram.org'. (_ssl.c:1081)")]
WARNING:aiogram.dispatcher:Sleep for 4.896286 seconds and try again... (tryings = 122, bot id = 8922360706)
ERROR:aiogram.dispatcher:Failed to fetch updates - TelegramNetworkError: HTTP Client says - ClientConnectorCertificateError: Cannot connect to host api.telegram.org:443 ssl:True [SSLCertVerificationError: (1, "[SSL: CERTIFICATE_VERIFY_FAILED] certificate verify failed: Hostname mismatch, certificate is not valid for 'api.telegram.org'. (_ssl.c:1081)")]
WARNING:aiogram.dispatcher:Sleep for 4.966716 seconds and try again... (tryings = 123, bot id = 8922360706)
ERROR:aiogram.dispatcher:Failed to fetch updates - TelegramNetworkError: HTTP Client says - ClientConnectorCertificateError: Cannot connect to host api.telegram.org:443 ssl:True [SSLCertVerificationError: (1, "[SSL: CERTIFICATE_VERIFY_FAILED] certificate verify failed: Hostname mismatch, certificate is not valid for 'api.telegram.org'. (_ssl.c:1081)")]
WARNING:aiogram.dispatcher:Sleep for 4.944246 seconds and try again... (tryings = 124, bot id = 8922360706)
ERROR:aiogram.dispatcher:Failed to fetch updates - TelegramNetworkError: HTTP Client says - ClientConnectorCertificateError: Cannot connect to host api.telegram.org:443 ssl:True [SSLCertVerificationError: (1, "[SSL: CERTIFICATE_VERIFY_FAILED] certificate verify failed: Hostname mismatch, certificate is not valid for 'api.telegram.org'. (_ssl.c:1081)")]
WARNING:aiogram.dispatcher:Sleep for 4.982494 seconds and try again... (tryings = 125, bot id = 8922360706)
ERROR:aiogram.dispatcher:Failed to fetch updates - TelegramNetworkError: HTTP Client says - Request timeout error
WARNING:aiogram.dispatcher:Sleep for 4.994034 seconds and try again... (tryings = 126, bot id = 8922360706)
ERROR:aiogram.dispatcher:Failed to fetch updates - TelegramNetworkError: HTTP Client says - Request timeout error
WARNING:aiogram.dispatcher:Sleep for 5.045212 seconds and try again... (tryings = 127, bot id = 8922360706)
ERROR:aiogram.dispatcher:Failed to fetch updates - TelegramNetworkError: HTTP Client says - Request timeout error
WARNING:aiogram.dispatcher:Sleep for 4.917032 seconds and try again... (tryings = 128, bot id = 8922360706)
ERROR:aiogram.dispatcher:Failed to fetch updates - TelegramNetworkError: HTTP Client says - Request timeout error
WARNING:aiogram.dispatcher:Sleep for 5.039200 seconds and try again... (tryings = 129, bot id = 8922360706)
ERROR:aiogram.dispatcher:Failed to fetch updates - TelegramNetworkError: HTTP Client says - Request timeout error
WARNING:aiogram.dispatcher:Sleep for 4.950118 seconds and try again... (tryings = 130, bot id = 8922360706)
ERROR:aiogram.dispatcher:Failed to fetch updates - TelegramNetworkError: HTTP Client says - Request timeout error
WARNING:aiogram.dispatcher:Sleep for 4.870388 seconds and try again... (tryings = 131, bot id = 8922360706)
ERROR:aiogram.dispatcher:Failed to fetch updates - TelegramNetworkError: HTTP Client says - Request timeout error
WARNING:aiogram.dispatcher:Sleep for 5.065792 seconds and try again... (tryings = 132, bot id = 8922360706)
ERROR:aiogram.dispatcher:Failed to fetch updates - TelegramNetworkError: HTTP Client says - Request timeout error
WARNING:aiogram.dispatcher:Sleep for 5.029615 seconds and try again... (tryings = 133, bot id = 8922360706)
ERROR:aiogram.dispatcher:Failed to fetch updates - TelegramNetworkError: HTTP Client says - Request timeout error
WARNING:aiogram.dispatcher:Sleep for 5.036262 seconds and try again... (tryings = 134, bot id = 8922360706)
ERROR:aiogram.dispatcher:Failed to fetch updates - TelegramNetworkError: HTTP Client says - Request timeout error
WARNING:aiogram.dispatcher:Sleep for 5.084490 seconds and try again... (tryings = 135, bot id = 8922360706)
ERROR:aiogram.dispatcher:Failed to fetch updates - TelegramNetworkError: HTTP Client says - Request timeout error
WARNING:aiogram.dispatcher:Sleep for 4.898623 seconds and try again... (tryings = 136, bot id = 8922360706)
ERROR:aiogram.dispatcher:Failed to fetch updates - TelegramNetworkError: HTTP Client says - Request timeout error
WARNING:aiogram.dispatcher:Sleep for 5.022006 seconds and try again... (tryings = 137, bot id = 8922360706)
ERROR:aiogram.dispatcher:Failed to fetch updates - TelegramNetworkError: HTTP Client says - Request timeout error
WARNING:aiogram.dispatcher:Sleep for 5.020658 seconds and try again... (tryings = 138, bot id = 8922360706)
ERROR:aiogram.dispatcher:Failed to fetch updates - TelegramNetworkError: HTTP Client says - Request timeout error
WARNING:aiogram.dispatcher:Sleep for 5.022092 seconds and try again... (tryings = 139, bot id = 8922360706)
ERROR:aiogram.dispatcher:Failed to fetch updates - TelegramNetworkError: HTTP Client says - Request timeout error
WARNING:aiogram.dispatcher:Sleep for 4.902674 seconds and try again... (tryings = 140, bot id = 8922360706)
ERROR:aiogram.dispatcher:Failed to fetch updates - TelegramNetworkError: HTTP Client says - Request timeout error
WARNING:aiogram.dispatcher:Sleep for 5.200790 seconds and try again... (tryings = 141, bot id = 8922360706)
ERROR:aiogram.dispatcher:Failed to fetch updates - TelegramNetworkError: HTTP Client says - Request timeout error
WARNING:aiogram.dispatcher:Sleep for 5.004673 seconds and try again... (tryings = 142, bot id = 8922360706)
ERROR:aiogram.dispatcher:Failed to fetch updates - TelegramNetworkError: HTTP Client says - Request timeout error
WARNING:aiogram.dispatcher:Sleep for 4.987379 seconds and try again... (tryings = 143, bot id = 8922360706)
ERROR:aiogram.dispatcher:Failed to fetch updates - TelegramNetworkError: HTTP Client says - Request timeout error
WARNING:aiogram.dispatcher:Sleep for 5.047927 seconds and try again... (tryings = 144, bot id = 8922360706)
ERROR:aiogram.dispatcher:Failed to fetch updates - TelegramNetworkError: HTTP Client says - Request timeout error
WARNING:aiogram.dispatcher:Sleep for 5.139125 seconds and try again... (tryings = 145, bot id = 8922360706)
ERROR:aiogram.dispatcher:Failed to fetch updates - TelegramNetworkError: HTTP Client says - Request timeout error
WARNING:aiogram.dispatcher:Sleep for 5.141583 seconds and try again... (tryings = 146, bot id = 8922360706)
ERROR:aiogram.dispatcher:Failed to fetch updates - TelegramNetworkError: HTTP Client says - Request timeout error
WARNING:aiogram.dispatcher:Sleep for 4.987483 seconds and try again... (tryings = 147, bot id = 8922360706)
ERROR:aiogram.dispatcher:Failed to fetch updates - TelegramNetworkError: HTTP Client says - Request timeout error
WARNING:aiogram.dispatcher:Sleep for 4.970876 seconds and try again... (tryings = 148, bot id = 8922360706)
ERROR:aiogram.dispatcher:Failed to fetch updates - TelegramNetworkError: HTTP Client says - Request timeout error
WARNING:aiogram.dispatcher:Sleep for 5.064893 seconds and try again... (tryings = 149, bot id = 8922360706)
ERROR:aiogram.dispatcher:Failed to fetch updates - TelegramNetworkError: HTTP Client says - Request timeout error
WARNING:aiogram.dispatcher:Sleep for 4.959506 seconds and try again... (tryings = 150, bot id = 8922360706)
ERROR:aiogram.dispatcher:Failed to fetch updates - TelegramNetworkError: HTTP Client says - Request timeout error
WARNING:aiogram.dispatcher:Sleep for 4.907272 seconds and try again... (tryings = 151, bot id = 8922360706)
ERROR:aiogram.dispatcher:Failed to fetch updates - TelegramNetworkError: HTTP Client says - Request timeout error
WARNING:aiogram.dispatcher:Sleep for 4.994062 seconds and try again... (tryings = 152, bot id = 8922360706)
ERROR:aiogram.dispatcher:Failed to fetch updates - TelegramNetworkError: HTTP Client says - Request timeout error
WARNING:aiogram.dispatcher:Sleep for 5.134564 seconds and try again... (tryings = 153, bot id = 8922360706)
ERROR:aiogram.dispatcher:Failed to fetch updates - TelegramNetworkError: HTTP Client says - Request timeout error
WARNING:aiogram.dispatcher:Sleep for 5.042013 seconds and try again... (tryings = 154, bot id = 8922360706)
ERROR:aiogram.dispatcher:Failed to fetch updates - TelegramNetworkError: HTTP Client says - Request timeout error
WARNING:aiogram.dispatcher:Sleep for 5.083612 seconds and try again... (tryings = 155, bot id = 8922360706)
ERROR:aiogram.dispatcher:Failed to fetch updates - TelegramNetworkError: HTTP Client says - Request timeout error
WARNING:aiogram.dispatcher:Sleep for 4.916512 seconds and try again... (tryings = 156, bot id = 8922360706)
ERROR:aiogram.dispatcher:Failed to fetch updates - TelegramNetworkError: HTTP Client says - Request timeout error
WARNING:aiogram.dispatcher:Sleep for 4.944585 seconds and try again... (tryings = 157, bot id = 8922360706)
ERROR:aiogram.dispatcher:Failed to fetch updates - TelegramNetworkError: HTTP Client says - Request timeout error
WARNING:aiogram.dispatcher:Sleep for 5.176195 seconds and try again... (tryings = 158, bot id = 8922360706)
ERROR:aiogram.dispatcher:Failed to fetch updates - TelegramNetworkError: HTTP Client says - ClientConnectorError: Cannot connect to host api.telegram.org:443 ssl:default [Multiple exceptions: [Errno 60] Connect call failed ('149.154.166.110', 443), [Errno 60] Connect call failed ('2001:67c:4e8:f004::9', 443, 0, 0)]
WARNING:aiogram.dispatcher:Sleep for 4.871939 seconds and try again... (tryings = 159, bot id = 8922360706)
ERROR:aiogram.dispatcher:Failed to fetch updates - TelegramNetworkError: HTTP Client says - ClientConnectorError: Cannot connect to host api.telegram.org:443 ssl:default [None]
WARNING:aiogram.dispatcher:Sleep for 5.042878 seconds and try again... (tryings = 160, bot id = 8922360706)
ERROR:aiogram.dispatcher:Failed to fetch updates - TelegramNetworkError: HTTP Client says - ClientConnectorError: Cannot connect to host api.telegram.org:443 ssl:default [None]
WARNING:aiogram.dispatcher:Sleep for 4.849673 seconds and try again... (tryings = 161, bot id = 8922360706)
ERROR:aiogram.dispatcher:Failed to fetch updates - TelegramNetworkError: HTTP Client says - ClientConnectorError: Cannot connect to host api.telegram.org:443 ssl:default [None]
WARNING:aiogram.dispatcher:Sleep for 5.013224 seconds and try again... (tryings = 162, bot id = 8922360706)
ERROR:aiogram.dispatcher:Failed to fetch updates - TelegramNetworkError: HTTP Client says - ClientConnectorError: Cannot connect to host api.telegram.org:443 ssl:default [None]
WARNING:aiogram.dispatcher:Sleep for 5.095937 seconds and try again... (tryings = 163, bot id = 8922360706)
ERROR:aiogram.dispatcher:Failed to fetch updates - TelegramNetworkError: HTTP Client says - ClientConnectorError: Cannot connect to host api.telegram.org:443 ssl:default [None]
WARNING:aiogram.dispatcher:Sleep for 4.853697 seconds and try again... (tryings = 164, bot id = 8922360706)
ERROR:aiogram.dispatcher:Failed to fetch updates - TelegramNetworkError: HTTP Client says - ClientConnectorError: Cannot connect to host api.telegram.org:443 ssl:default [None]
WARNING:aiogram.dispatcher:Sleep for 5.063587 seconds and try again... (tryings = 165, bot id = 8922360706)
ERROR:aiogram.dispatcher:Failed to fetch updates - TelegramNetworkError: HTTP Client says - ClientConnectorError: Cannot connect to host api.telegram.org:443 ssl:default [None]
WARNING:aiogram.dispatcher:Sleep for 4.937452 seconds and try again... (tryings = 166, bot id = 8922360706)
ERROR:aiogram.dispatcher:Failed to fetch updates - TelegramNetworkError: HTTP Client says - ClientConnectorError: Cannot connect to host api.telegram.org:443 ssl:default [None]
WARNING:aiogram.dispatcher:Sleep for 5.018690 seconds and try again... (tryings = 167, bot id = 8922360706)
ERROR:aiogram.dispatcher:Failed to fetch updates - TelegramNetworkError: HTTP Client says - Request timeout error
WARNING:aiogram.dispatcher:Sleep for 5.011241 seconds and try again... (tryings = 168, bot id = 8922360706)
ERROR:aiogram.dispatcher:Failed to fetch updates - TelegramNetworkError: HTTP Client says - Request timeout error
WARNING:aiogram.dispatcher:Sleep for 4.899779 seconds and try again... (tryings = 169, bot id = 8922360706)
ERROR:aiogram.dispatcher:Failed to fetch updates - TelegramNetworkError: HTTP Client says - Request timeout error
WARNING:aiogram.dispatcher:Sleep for 4.755163 seconds and try again... (tryings = 170, bot id = 8922360706)
ERROR:aiogram.dispatcher:Failed to fetch updates - TelegramNetworkError: HTTP Client says - Request timeout error
WARNING:aiogram.dispatcher:Sleep for 4.863093 seconds and try again... (tryings = 171, bot id = 8922360706)
ERROR:aiogram.dispatcher:Failed to fetch updates - TelegramNetworkError: HTTP Client says - Request timeout error
WARNING:aiogram.dispatcher:Sleep for 4.821506 seconds and try again... (tryings = 172, bot id = 8922360706)
ERROR:aiogram.dispatcher:Failed to fetch updates - TelegramNetworkError: HTTP Client says - Request timeout error
WARNING:aiogram.dispatcher:Sleep for 5.207389 seconds and try again... (tryings = 173, bot id = 8922360706)
ERROR:aiogram.dispatcher:Failed to fetch updates - TelegramNetworkError: HTTP Client says - Request timeout error
WARNING:aiogram.dispatcher:Sleep for 4.897691 seconds and try again... (tryings = 174, bot id = 8922360706)
ERROR:aiogram.dispatcher:Failed to fetch updates - TelegramNetworkError: HTTP Client says - ClientConnectorError: Cannot connect to host api.telegram.org:443 ssl:default [None]
WARNING:aiogram.dispatcher:Sleep for 5.036375 seconds and try again... (tryings = 175, bot id = 8922360706)
ERROR:aiogram.dispatcher:Failed to fetch updates - TelegramNetworkError: HTTP Client says - ClientConnectorError: Cannot connect to host api.telegram.org:443 ssl:default [None]
WARNING:aiogram.dispatcher:Sleep for 5.064629 seconds and try again... (tryings = 176, bot id = 8922360706)
ERROR:aiogram.dispatcher:Failed to fetch updates - TelegramNetworkError: HTTP Client says - ClientConnectorCertificateError: Cannot connect to host api.telegram.org:443 ssl:True [SSLCertVerificationError: (1, "[SSL: CERTIFICATE_VERIFY_FAILED] certificate verify failed: Hostname mismatch, certificate is not valid for 'api.telegram.org'. (_ssl.c:1081)")]
WARNING:aiogram.dispatcher:Sleep for 4.879482 seconds and try again... (tryings = 177, bot id = 8922360706)
ERROR:aiogram.dispatcher:Failed to fetch updates - TelegramNetworkError: HTTP Client says - ClientConnectorCertificateError: Cannot connect to host api.telegram.org:443 ssl:True [SSLCertVerificationError: (1, "[SSL: CERTIFICATE_VERIFY_FAILED] certificate verify failed: Hostname mismatch, certificate is not valid for 'api.telegram.org'. (_ssl.c:1081)")]
WARNING:aiogram.dispatcher:Sleep for 5.167868 seconds and try again... (tryings = 178, bot id = 8922360706)
ERROR:aiogram.dispatcher:Failed to fetch updates - TelegramNetworkError: HTTP Client says - ClientConnectorCertificateError: Cannot connect to host api.telegram.org:443 ssl:True [SSLCertVerificationError: (1, "[SSL: CERTIFICATE_VERIFY_FAILED] certificate verify failed: Hostname mismatch, certificate is not valid for 'api.telegram.org'. (_ssl.c:1081)")]
WARNING:aiogram.dispatcher:Sleep for 5.051333 seconds and try again... (tryings = 179, bot id = 8922360706)
ERROR:aiogram.dispatcher:Failed to fetch updates - TelegramNetworkError: HTTP Client says - ClientConnectorCertificateError: Cannot connect to host api.telegram.org:443 ssl:True [SSLCertVerificationError: (1, "[SSL: CERTIFICATE_VERIFY_FAILED] certificate verify failed: Hostname mismatch, certificate is not valid for 'api.telegram.org'. (_ssl.c:1081)")]
WARNING:aiogram.dispatcher:Sleep for 5.148523 seconds and try again... (tryings = 180, bot id = 8922360706)
ERROR:aiogram.dispatcher:Failed to fetch updates - TelegramNetworkError: HTTP Client says - ClientConnectorCertificateError: Cannot connect to host api.telegram.org:443 ssl:True [SSLCertVerificationError: (1, "[SSL: CERTIFICATE_VERIFY_FAILED] certificate verify failed: Hostname mismatch, certificate is not valid for 'api.telegram.org'. (_ssl.c:1081)")]
WARNING:aiogram.dispatcher:Sleep for 5.168884 seconds and try again... (tryings = 181, bot id = 8922360706)
ERROR:aiogram.dispatcher:Failed to fetch updates - TelegramNetworkError: HTTP Client says - ClientConnectorError: Cannot connect to host api.telegram.org:443 ssl:default [None]
WARNING:aiogram.dispatcher:Sleep for 5.077581 seconds and try again... (tryings = 182, bot id = 8922360706)
ERROR:aiogram.dispatcher:Failed to fetch updates - TelegramNetworkError: HTTP Client says - ClientConnectorError: Cannot connect to host api.telegram.org:443 ssl:default [None]
WARNING:aiogram.dispatcher:Sleep for 4.997802 seconds and try again... (tryings = 183, bot id = 8922360706)
ERROR:aiogram.dispatcher:Failed to fetch updates - TelegramNetworkError: HTTP Client says - ClientConnectorError: Cannot connect to host api.telegram.org:443 ssl:default [None]
WARNING:aiogram.dispatcher:Sleep for 4.856923 seconds and try again... (tryings = 184, bot id = 8922360706)
ERROR:aiogram.dispatcher:Failed to fetch updates - TelegramNetworkError: HTTP Client says - ClientConnectorError: Cannot connect to host api.telegram.org:443 ssl:default [None]
WARNING:aiogram.dispatcher:Sleep for 4.761808 seconds and try again... (tryings = 185, bot id = 8922360706)
ERROR:aiogram.dispatcher:Failed to fetch updates - TelegramNetworkError: HTTP Client says - ClientConnectorError: Cannot connect to host api.telegram.org:443 ssl:default [None]
WARNING:aiogram.dispatcher:Sleep for 4.887722 seconds and try again... (tryings = 186, bot id = 8922360706)
ERROR:aiogram.dispatcher:Failed to fetch updates - TelegramNetworkError: HTTP Client says - ClientConnectorError: Cannot connect to host api.telegram.org:443 ssl:default [None]
WARNING:aiogram.dispatcher:Sleep for 4.894098 seconds and try again... (tryings = 187, bot id = 8922360706)
ERROR:aiogram.dispatcher:Failed to fetch updates - TelegramNetworkError: HTTP Client says - ClientConnectorError: Cannot connect to host api.telegram.org:443 ssl:default [None]
WARNING:aiogram.dispatcher:Sleep for 4.834510 seconds and try again... (tryings = 188, bot id = 8922360706)
ERROR:aiogram.dispatcher:Failed to fetch updates - TelegramNetworkError: HTTP Client says - ClientConnectorError: Cannot connect to host api.telegram.org:443 ssl:default [None]
WARNING:aiogram.dispatcher:Sleep for 4.920375 seconds and try again... (tryings = 189, bot id = 8922360706)
ERROR:aiogram.dispatcher:Failed to fetch updates - TelegramNetworkError: HTTP Client says - ClientConnectorError: Cannot connect to host api.telegram.org:443 ssl:default [None]
WARNING:aiogram.dispatcher:Sleep for 4.917115 seconds and try again... (tryings = 190, bot id = 8922360706)
ERROR:aiogram.dispatcher:Failed to fetch updates - TelegramNetworkError: HTTP Client says - ClientConnectorError: Cannot connect to host api.telegram.org:443 ssl:default [None]
WARNING:aiogram.dispatcher:Sleep for 5.018432 seconds and try again... (tryings = 191, bot id = 8922360706)
ERROR:aiogram.dispatcher:Failed to fetch updates - TelegramNetworkError: HTTP Client says - ClientConnectorError: Cannot connect to host api.telegram.org:443 ssl:default [None]
WARNING:aiogram.dispatcher:Sleep for 5.069270 seconds and try again... (tryings = 192, bot id = 8922360706)
ERROR:aiogram.dispatcher:Failed to fetch updates - TelegramNetworkError: HTTP Client says - ClientConnectorError: Cannot connect to host api.telegram.org:443 ssl:default [None]
WARNING:aiogram.dispatcher:Sleep for 4.772371 seconds and try again... (tryings = 193, bot id = 8922360706)
ERROR:aiogram.dispatcher:Failed to fetch updates - TelegramNetworkError: HTTP Client says - Request timeout error
WARNING:aiogram.dispatcher:Sleep for 4.944767 seconds and try again... (tryings = 194, bot id = 8922360706)
ERROR:aiogram.dispatcher:Failed to fetch updates - TelegramNetworkError: HTTP Client says - Request timeout error
WARNING:aiogram.dispatcher:Sleep for 5.067938 seconds and try again... (tryings = 195, bot id = 8922360706)
ERROR:aiogram.dispatcher:Failed to fetch updates - TelegramNetworkError: HTTP Client says - Request timeout error
WARNING:aiogram.dispatcher:Sleep for 5.060032 seconds and try again... (tryings = 196, bot id = 8922360706)
ERROR:aiogram.dispatcher:Failed to fetch updates - TelegramNetworkError: HTTP Client says - Request timeout error
WARNING:aiogram.dispatcher:Sleep for 4.987661 seconds and try again... (tryings = 197, bot id = 8922360706)
ERROR:aiogram.dispatcher:Failed to fetch updates - TelegramNetworkError: HTTP Client says - Request timeout error
WARNING:aiogram.dispatcher:Sleep for 5.120401 seconds and try again... (tryings = 198, bot id = 8922360706)
INFO:aiogram.dispatcher:Connection established (tryings = 199, bot id = 8922360706)
ERROR:aiogram.dispatcher:Failed to fetch updates - TelegramNetworkError: HTTP Client says - Request timeout error
WARNING:aiogram.dispatcher:Sleep for 1.000000 seconds and try again... (tryings = 0, bot id = 8922360706)
ERROR:aiogram.dispatcher:Failed to fetch updates - TelegramNetworkError: HTTP Client says - ClientConnectorError: Cannot connect to host api.telegram.org:443 ssl:default [None]
WARNING:aiogram.dispatcher:Sleep for 1.459283 seconds and try again... (tryings = 1, bot id = 8922360706)
ERROR:aiogram.dispatcher:Failed to fetch updates - TelegramNetworkError: HTTP Client says - ClientConnectorError: Cannot connect to host api.telegram.org:443 ssl:default [None]
WARNING:aiogram.dispatcher:Sleep for 2.108508 seconds and try again... (tryings = 2, bot id = 8922360706)
ERROR:aiogram.dispatcher:Failed to fetch updates - TelegramNetworkError: HTTP Client says - ClientConnectorError: Cannot connect to host api.telegram.org:443 ssl:default [None]
WARNING:aiogram.dispatcher:Sleep for 2.690423 seconds and try again... (tryings = 3, bot id = 8922360706)
ERROR:aiogram.dispatcher:Failed to fetch updates - TelegramNetworkError: HTTP Client says - ClientConnectorError: Cannot connect to host api.telegram.org:443 ssl:default [None]
WARNING:aiogram.dispatcher:Sleep for 3.521271 seconds and try again... (tryings = 4, bot id = 8922360706)
ERROR:aiogram.dispatcher:Failed to fetch updates - TelegramNetworkError: HTTP Client says - ClientConnectorError: Cannot connect to host api.telegram.org:443 ssl:default [None]
WARNING:aiogram.dispatcher:Sleep for 4.524072 seconds and try again... (tryings = 5, bot id = 8922360706)
ERROR:aiogram.dispatcher:Failed to fetch updates - TelegramNetworkError: HTTP Client says - ClientConnectorError: Cannot connect to host api.telegram.org:443 ssl:default [None]
WARNING:aiogram.dispatcher:Sleep for 5.083424 seconds and try again... (tryings = 6, bot id = 8922360706)
ERROR:aiogram.dispatcher:Failed to fetch updates - TelegramNetworkError: HTTP Client says - ClientConnectorError: Cannot connect to host api.telegram.org:443 ssl:default [None]
WARNING:aiogram.dispatcher:Sleep for 5.119981 seconds and try again... (tryings = 7, bot id = 8922360706)
ERROR:aiogram.dispatcher:Failed to fetch updates - TelegramNetworkError: HTTP Client says - ClientConnectorError: Cannot connect to host api.telegram.org:443 ssl:default [None]
WARNING:aiogram.dispatcher:Sleep for 5.142290 seconds and try again... (tryings = 8, bot id = 8922360706)
ERROR:aiogram.dispatcher:Failed to fetch updates - TelegramNetworkError: HTTP Client says - ClientConnectorError: Cannot connect to host api.telegram.org:443 ssl:default [None]
WARNING:aiogram.dispatcher:Sleep for 4.879381 seconds and try again... (tryings = 9, bot id = 8922360706)
ERROR:aiogram.dispatcher:Failed to fetch updates - TelegramNetworkError: HTTP Client says - ClientConnectorError: Cannot connect to host api.telegram.org:443 ssl:default [None]
WARNING:aiogram.dispatcher:Sleep for 4.746755 seconds and try again... (tryings = 10, bot id = 8922360706)
ERROR:aiogram.dispatcher:Failed to fetch updates - TelegramNetworkError: HTTP Client says - ClientConnectorError: Cannot connect to host api.telegram.org:443 ssl:default [None]
WARNING:aiogram.dispatcher:Sleep for 5.054619 seconds and try again... (tryings = 11, bot id = 8922360706)
INFO:aiogram.dispatcher:Connection established (tryings = 12, bot id = 8922360706)
ERROR:aiogram.dispatcher:Failed to fetch updates - TelegramNetworkError: HTTP Client says - Request timeout error
WARNING:aiogram.dispatcher:Sleep for 1.000000 seconds and try again... (tryings = 0, bot id = 8922360706)
ERROR:aiogram.dispatcher:Failed to fetch updates - TelegramNetworkError: HTTP Client says - ClientConnectorDNSError: Cannot connect to host api.telegram.org:443 ssl:default [nodename nor servname provided, or not known]
WARNING:aiogram.dispatcher:Sleep for 1.472001 seconds and try again... (tryings = 1, bot id = 8922360706)
INFO:aiogram.dispatcher:Connection established (tryings = 2, bot id = 8922360706)
ERROR:aiogram.dispatcher:Failed to fetch updates - TelegramNetworkError: HTTP Client says - Request timeout error
WARNING:aiogram.dispatcher:Sleep for 1.000000 seconds and try again... (tryings = 0, bot id = 8922360706)
ERROR:aiogram.dispatcher:Failed to fetch updates - TelegramNetworkError: HTTP Client says - ClientConnectorError: Cannot connect to host api.telegram.org:443 ssl:default [None]
WARNING:aiogram.dispatcher:Sleep for 1.359995 seconds and try again... (tryings = 1, bot id = 8922360706)
ERROR:aiogram.dispatcher:Failed to fetch updates - TelegramNetworkError: HTTP Client says - Request timeout error
WARNING:aiogram.dispatcher:Sleep for 1.800675 seconds and try again... (tryings = 2, bot id = 8922360706)
INFO:aiogram.dispatcher:Connection established (tryings = 3, bot id = 8922360706)
ERROR:aiogram.dispatcher:Failed to fetch updates - TelegramNetworkError: HTTP Client says - Request timeout error
WARNING:aiogram.dispatcher:Sleep for 1.000000 seconds and try again... (tryings = 0, bot id = 8922360706)
ERROR:aiogram.dispatcher:Failed to fetch updates - TelegramNetworkError: HTTP Client says - Request timeout error
WARNING:aiogram.dispatcher:Sleep for 1.137610 seconds and try again... (tryings = 1, bot id = 8922360706)
INFO:aiogram.dispatcher:Connection established (tryings = 2, bot id = 8922360706)
ERROR:aiogram.dispatcher:Failed to fetch updates - TelegramNetworkError: HTTP Client says - Request timeout error
WARNING:aiogram.dispatcher:Sleep for 1.000000 seconds and try again... (tryings = 0, bot id = 8922360706)
INFO:aiogram.dispatcher:Connection established (tryings = 1, bot id = 8922360706)
ERROR:aiogram.dispatcher:Failed to fetch updates - TelegramNetworkError: HTTP Client says - ServerDisconnectedError: Server disconnected
WARNING:aiogram.dispatcher:Sleep for 1.000000 seconds and try again... (tryings = 0, bot id = 8922360706)
INFO:aiogram.dispatcher:Connection established (tryings = 1, bot id = 8922360706)
ERROR:aiogram.dispatcher:Failed to fetch updates - TelegramNetworkError: HTTP Client says - Request timeout error
WARNING:aiogram.dispatcher:Sleep for 1.000000 seconds and try again... (tryings = 0, bot id = 8922360706)
ERROR:aiogram.dispatcher:Failed to fetch updates - TelegramNetworkError: HTTP Client says - Request timeout error
WARNING:aiogram.dispatcher:Sleep for 1.254084 seconds and try again... (tryings = 1, bot id = 8922360706)
INFO:aiogram.dispatcher:Connection established (tryings = 2, bot id = 8922360706)
ERROR:aiogram.dispatcher:Failed to fetch updates - TelegramNetworkError: HTTP Client says - Request timeout error
WARNING:aiogram.dispatcher:Sleep for 1.000000 seconds and try again... (tryings = 0, bot id = 8922360706)
ERROR:aiogram.dispatcher:Failed to fetch updates - TelegramNetworkError: HTTP Client says - Request timeout error
WARNING:aiogram.dispatcher:Sleep for 1.207115 seconds and try again... (tryings = 1, bot id = 8922360706)
ERROR:aiogram.dispatcher:Failed to fetch updates - TelegramNetworkError: HTTP Client says - Request timeout error
WARNING:aiogram.dispatcher:Sleep for 1.548364 seconds and try again... (tryings = 2, bot id = 8922360706)
ERROR:aiogram.dispatcher:Failed to fetch updates - TelegramNetworkError: HTTP Client says - Request timeout error
WARNING:aiogram.dispatcher:Sleep for 2.028986 seconds and try again... (tryings = 3, bot id = 8922360706)
ERROR:aiogram.dispatcher:Failed to fetch updates - TelegramNetworkError: HTTP Client says - Request timeout error
WARNING:aiogram.dispatcher:Sleep for 2.639568 seconds and try again... (tryings = 4, bot id = 8922360706)
ERROR:aiogram.dispatcher:Failed to fetch updates - TelegramNetworkError: HTTP Client says - Request timeout error
WARNING:aiogram.dispatcher:Sleep for 3.307592 seconds and try again... (tryings = 5, bot id = 8922360706)
ERROR:aiogram.dispatcher:Failed to fetch updates - TelegramNetworkError: HTTP Client says - Request timeout error
WARNING:aiogram.dispatcher:Sleep for 4.311997 seconds and try again... (tryings = 6, bot id = 8922360706)
ERROR:aiogram.dispatcher:Failed to fetch updates - TelegramNetworkError: HTTP Client says - Request timeout error
WARNING:aiogram.dispatcher:Sleep for 4.973110 seconds and try again... (tryings = 7, bot id = 8922360706)
ERROR:aiogram.dispatcher:Failed to fetch updates - TelegramNetworkError: HTTP Client says - Request timeout error
WARNING:aiogram.dispatcher:Sleep for 4.901675 seconds and try again... (tryings = 8, bot id = 8922360706)
ERROR:aiogram.dispatcher:Failed to fetch updates - TelegramNetworkError: HTTP Client says - Request timeout error
WARNING:aiogram.dispatcher:Sleep for 5.019084 seconds and try again... (tryings = 9, bot id = 8922360706)
ERROR:aiogram.dispatcher:Failed to fetch updates - TelegramNetworkError: HTTP Client says - Request timeout error
WARNING:aiogram.dispatcher:Sleep for 5.100944 seconds and try again... (tryings = 10, bot id = 8922360706)
ERROR:aiogram.dispatcher:Failed to fetch updates - TelegramNetworkError: HTTP Client says - Request timeout error
WARNING:aiogram.dispatcher:Sleep for 5.015132 seconds and try again... (tryings = 11, bot id = 8922360706)
ERROR:aiogram.dispatcher:Failed to fetch updates - TelegramNetworkError: HTTP Client says - Request timeout error
WARNING:aiogram.dispatcher:Sleep for 5.090293 seconds and try again... (tryings = 12, bot id = 8922360706)
ERROR:aiogram.dispatcher:Failed to fetch updates - TelegramNetworkError: HTTP Client says - Request timeout error
WARNING:aiogram.dispatcher:Sleep for 5.133150 seconds and try again... (tryings = 13, bot id = 8922360706)
ERROR:aiogram.dispatcher:Failed to fetch updates - TelegramNetworkError: HTTP Client says - Request timeout error
WARNING:aiogram.dispatcher:Sleep for 5.005604 seconds and try again... (tryings = 14, bot id = 8922360706)
ERROR:aiogram.dispatcher:Failed to fetch updates - TelegramNetworkError: HTTP Client says - Request timeout error
WARNING:aiogram.dispatcher:Sleep for 5.021501 seconds and try again... (tryings = 15, bot id = 8922360706)
ERROR:aiogram.dispatcher:Failed to fetch updates - TelegramNetworkError: HTTP Client says - Request timeout error
WARNING:aiogram.dispatcher:Sleep for 4.828908 seconds and try again... (tryings = 16, bot id = 8922360706)
ERROR:aiogram.dispatcher:Failed to fetch updates - TelegramNetworkError: HTTP Client says - Request timeout error
WARNING:aiogram.dispatcher:Sleep for 5.141432 seconds and try again... (tryings = 17, bot id = 8922360706)
ERROR:aiogram.dispatcher:Failed to fetch updates - TelegramNetworkError: HTTP Client says - Request timeout error
WARNING:aiogram.dispatcher:Sleep for 4.947465 seconds and try again... (tryings = 18, bot id = 8922360706)
ERROR:aiogram.dispatcher:Failed to fetch updates - TelegramNetworkError: HTTP Client says - Request timeout error
WARNING:aiogram.dispatcher:Sleep for 4.864847 seconds and try again... (tryings = 19, bot id = 8922360706)
ERROR:aiogram.dispatcher:Failed to fetch updates - TelegramNetworkError: HTTP Client says - Request timeout error
WARNING:aiogram.dispatcher:Sleep for 4.963587 seconds and try again... (tryings = 20, bot id = 8922360706)
ERROR:aiogram.dispatcher:Failed to fetch updates - TelegramNetworkError: HTTP Client says - Request timeout error
WARNING:aiogram.dispatcher:Sleep for 5.012524 seconds and try again... (tryings = 21, bot id = 8922360706)
ERROR:aiogram.dispatcher:Failed to fetch updates - TelegramNetworkError: HTTP Client says - Request timeout error
WARNING:aiogram.dispatcher:Sleep for 5.125040 seconds and try again... (tryings = 22, bot id = 8922360706)
ERROR:aiogram.dispatcher:Failed to fetch updates - TelegramNetworkError: HTTP Client says - Request timeout error
WARNING:aiogram.dispatcher:Sleep for 4.894123 seconds and try again... (tryings = 23, bot id = 8922360706)
INFO:aiogram.dispatcher:Connection established (tryings = 24, bot id = 8922360706)
ERROR:aiogram.dispatcher:Failed to fetch updates - TelegramNetworkError: HTTP Client says - Request timeout error
WARNING:aiogram.dispatcher:Sleep for 1.000000 seconds and try again... (tryings = 0, bot id = 8922360706)
INFO:aiogram.dispatcher:Connection established (tryings = 1, bot id = 8922360706)
ERROR:aiogram.dispatcher:Failed to fetch updates - TelegramNetworkError: HTTP Client says - Request timeout error
WARNING:aiogram.dispatcher:Sleep for 1.000000 seconds and try again... (tryings = 0, bot id = 8922360706)
INFO:aiogram.dispatcher:Connection established (tryings = 1, bot id = 8922360706)
ERROR:aiogram.dispatcher:Failed to fetch updates - TelegramNetworkError: HTTP Client says - Request timeout error
WARNING:aiogram.dispatcher:Sleep for 1.000000 seconds and try again... (tryings = 0, bot id = 8922360706)
ERROR:aiogram.dispatcher:Failed to fetch updates - TelegramNetworkError: HTTP Client says - Request timeout error
WARNING:aiogram.dispatcher:Sleep for 1.380733 seconds and try again... (tryings = 1, bot id = 8922360706)
ERROR:aiogram.dispatcher:Failed to fetch updates - TelegramNetworkError: HTTP Client says - Request timeout error
WARNING:aiogram.dispatcher:Sleep for 1.915916 seconds and try again... (tryings = 2, bot id = 8922360706)
INFO:aiogram.dispatcher:Connection established (tryings = 3, bot id = 8922360706)
ERROR:aiogram.dispatcher:Failed to fetch updates - TelegramNetworkError: HTTP Client says - Request timeout error
WARNING:aiogram.dispatcher:Sleep for 1.000000 seconds and try again... (tryings = 0, bot id = 8922360706)
ERROR:aiogram.dispatcher:Failed to fetch updates - TelegramNetworkError: HTTP Client says - ServerDisconnectedError: Server disconnected
WARNING:aiogram.dispatcher:Sleep for 1.559703 seconds and try again... (tryings = 1, bot id = 8922360706)
INFO:aiogram.dispatcher:Connection established (tryings = 2, bot id = 8922360706)
ERROR:aiogram.dispatcher:Failed to fetch updates - TelegramNetworkError: HTTP Client says - Request timeout error
WARNING:aiogram.dispatcher:Sleep for 1.000000 seconds and try again... (tryings = 0, bot id = 8922360706)
ERROR:aiogram.dispatcher:Failed to fetch updates - TelegramNetworkError: HTTP Client says - ClientConnectorError: Cannot connect to host api.telegram.org:443 ssl:default [None]
WARNING:aiogram.dispatcher:Sleep for 1.189161 seconds and try again... (tryings = 1, bot id = 8922360706)
ERROR:aiogram.dispatcher:Failed to fetch updates - TelegramNetworkError: HTTP Client says - ClientConnectorError: Cannot connect to host api.telegram.org:443 ssl:default [None]
WARNING:aiogram.dispatcher:Sleep for 1.614520 seconds and try again... (tryings = 2, bot id = 8922360706)
ERROR:aiogram.dispatcher:Failed to fetch updates - TelegramNetworkError: HTTP Client says - ClientConnectorError: Cannot connect to host api.telegram.org:443 ssl:default [None]
WARNING:aiogram.dispatcher:Sleep for 2.053355 seconds and try again... (tryings = 3, bot id = 8922360706)
ERROR:aiogram.dispatcher:Failed to fetch updates - TelegramNetworkError: HTTP Client says - ClientConnectorError: Cannot connect to host api.telegram.org:443 ssl:default [None]
WARNING:aiogram.dispatcher:Sleep for 2.738518 seconds and try again... (tryings = 4, bot id = 8922360706)
ERROR:aiogram.dispatcher:Failed to fetch updates - TelegramNetworkError: HTTP Client says - ClientConnectorError: Cannot connect to host api.telegram.org:443 ssl:default [None]
WARNING:aiogram.dispatcher:Sleep for 3.399881 seconds and try again... (tryings = 5, bot id = 8922360706)
ERROR:aiogram.dispatcher:Failed to fetch updates - TelegramNetworkError: HTTP Client says - ClientConnectorError: Cannot connect to host api.telegram.org:443 ssl:default [None]
WARNING:aiogram.dispatcher:Sleep for 4.319723 seconds and try again... (tryings = 6, bot id = 8922360706)
ERROR:aiogram.dispatcher:Failed to fetch updates - TelegramNetworkError: HTTP Client says - ClientConnectorError: Cannot connect to host api.telegram.org:443 ssl:default [None]
WARNING:aiogram.dispatcher:Sleep for 5.019888 seconds and try again... (tryings = 7, bot id = 8922360706)
ERROR:aiogram.dispatcher:Failed to fetch updates - TelegramNetworkError: HTTP Client says - ClientConnectorError: Cannot connect to host api.telegram.org:443 ssl:default [None]
WARNING:aiogram.dispatcher:Sleep for 5.055325 seconds and try again... (tryings = 8, bot id = 8922360706)
ERROR:aiogram.dispatcher:Failed to fetch updates - TelegramNetworkError: HTTP Client says - ClientConnectorError: Cannot connect to host api.telegram.org:443 ssl:default [None]
WARNING:aiogram.dispatcher:Sleep for 5.035432 seconds and try again... (tryings = 9, bot id = 8922360706)
ERROR:aiogram.dispatcher:Failed to fetch updates - TelegramNetworkError: HTTP Client says - ClientConnectorError: Cannot connect to host api.telegram.org:443 ssl:default [None]
WARNING:aiogram.dispatcher:Sleep for 5.091133 seconds and try again... (tryings = 10, bot id = 8922360706)
ERROR:aiogram.dispatcher:Failed to fetch updates - TelegramNetworkError: HTTP Client says - ClientConnectorError: Cannot connect to host api.telegram.org:443 ssl:default [None]
WARNING:aiogram.dispatcher:Sleep for 4.933147 seconds and try again... (tryings = 11, bot id = 8922360706)
ERROR:aiogram.dispatcher:Failed to fetch updates - TelegramNetworkError: HTTP Client says - ClientConnectorError: Cannot connect to host api.telegram.org:443 ssl:default [None]
WARNING:aiogram.dispatcher:Sleep for 4.962897 seconds and try again... (tryings = 12, bot id = 8922360706)
ERROR:aiogram.dispatcher:Failed to fetch updates - TelegramNetworkError: HTTP Client says - ClientConnectorError: Cannot connect to host api.telegram.org:443 ssl:default [None]
WARNING:aiogram.dispatcher:Sleep for 4.962925 seconds and try again... (tryings = 13, bot id = 8922360706)
ERROR:aiogram.dispatcher:Failed to fetch updates - TelegramNetworkError: HTTP Client says - ClientConnectorError: Cannot connect to host api.telegram.org:443 ssl:default [None]
WARNING:aiogram.dispatcher:Sleep for 5.127667 seconds and try again... (tryings = 14, bot id = 8922360706)
ERROR:aiogram.dispatcher:Failed to fetch updates - TelegramNetworkError: HTTP Client says - ClientConnectorError: Cannot connect to host api.telegram.org:443 ssl:default [None]
WARNING:aiogram.dispatcher:Sleep for 4.857187 seconds and try again... (tryings = 15, bot id = 8922360706)
ERROR:aiogram.dispatcher:Failed to fetch updates - TelegramNetworkError: HTTP Client says - ClientConnectorError: Cannot connect to host api.telegram.org:443 ssl:default [None]
WARNING:aiogram.dispatcher:Sleep for 5.019174 seconds and try again... (tryings = 16, bot id = 8922360706)
INFO:aiogram.dispatcher:Connection established (tryings = 17, bot id = 8922360706)
ERROR:aiogram.dispatcher:Failed to fetch updates - TelegramNetworkError: HTTP Client says - ServerDisconnectedError: Server disconnected
WARNING:aiogram.dispatcher:Sleep for 1.000000 seconds and try again... (tryings = 0, bot id = 8922360706)
INFO:aiogram.dispatcher:Connection established (tryings = 1, bot id = 8922360706)
ERROR:aiogram.dispatcher:Failed to fetch updates - TelegramNetworkError: HTTP Client says - Request timeout error
WARNING:aiogram.dispatcher:Sleep for 1.000000 seconds and try again... (tryings = 0, bot id = 8922360706)
ERROR:aiogram.dispatcher:Failed to fetch updates - TelegramNetworkError: HTTP Client says - ClientConnectorError: Cannot connect to host api.telegram.org:443 ssl:default [None]
WARNING:aiogram.dispatcher:Sleep for 1.144859 seconds and try again... (tryings = 1, bot id = 8922360706)
ERROR:aiogram.dispatcher:Failed to fetch updates - TelegramNetworkError: HTTP Client says - ClientConnectorError: Cannot connect to host api.telegram.org:443 ssl:default [None]
WARNING:aiogram.dispatcher:Sleep for 1.351121 seconds and try again... (tryings = 2, bot id = 8922360706)
ERROR:aiogram.dispatcher:Failed to fetch updates - TelegramNetworkError: HTTP Client says - ClientConnectorError: Cannot connect to host api.telegram.org:443 ssl:default [None]
WARNING:aiogram.dispatcher:Sleep for 1.729318 seconds and try again... (tryings = 3, bot id = 8922360706)
ERROR:aiogram.dispatcher:Failed to fetch updates - TelegramNetworkError: HTTP Client says - ClientConnectorError: Cannot connect to host api.telegram.org:443 ssl:default [None]
WARNING:aiogram.dispatcher:Sleep for 2.234104 seconds and try again... (tryings = 4, bot id = 8922360706)
ERROR:aiogram.dispatcher:Failed to fetch updates - TelegramNetworkError: HTTP Client says - ClientConnectorError: Cannot connect to host api.telegram.org:443 ssl:default [None]
WARNING:aiogram.dispatcher:Sleep for 2.883637 seconds and try again... (tryings = 5, bot id = 8922360706)
ERROR:aiogram.dispatcher:Failed to fetch updates - TelegramNetworkError: HTTP Client says - ClientConnectorError: Cannot connect to host api.telegram.org:443 ssl:default [None]
WARNING:aiogram.dispatcher:Sleep for 3.874078 seconds and try again... (tryings = 6, bot id = 8922360706)
ERROR:aiogram.dispatcher:Failed to fetch updates - TelegramNetworkError: HTTP Client says - ClientConnectorError: Cannot connect to host api.telegram.org:443 ssl:default [None]
WARNING:aiogram.dispatcher:Sleep for 4.870101 seconds and try again... (tryings = 7, bot id = 8922360706)
ERROR:aiogram.dispatcher:Failed to fetch updates - TelegramNetworkError: HTTP Client says - ClientConnectorError: Cannot connect to host api.telegram.org:443 ssl:default [None]
WARNING:aiogram.dispatcher:Sleep for 4.945518 seconds and try again... (tryings = 8, bot id = 8922360706)
ERROR:aiogram.dispatcher:Failed to fetch updates - TelegramNetworkError: HTTP Client says - ClientConnectorError: Cannot connect to host api.telegram.org:443 ssl:default [None]
WARNING:aiogram.dispatcher:Sleep for 5.027204 seconds and try again... (tryings = 9, bot id = 8922360706)
ERROR:aiogram.dispatcher:Failed to fetch updates - TelegramNetworkError: HTTP Client says - ClientConnectorError: Cannot connect to host api.telegram.org:443 ssl:default [None]
WARNING:aiogram.dispatcher:Sleep for 4.935302 seconds and try again... (tryings = 10, bot id = 8922360706)
ERROR:aiogram.dispatcher:Failed to fetch updates - TelegramNetworkError: HTTP Client says - ClientConnectorError: Cannot connect to host api.telegram.org:443 ssl:default [None]
WARNING:aiogram.dispatcher:Sleep for 5.077091 seconds and try again... (tryings = 11, bot id = 8922360706)
ERROR:aiogram.dispatcher:Failed to fetch updates - TelegramNetworkError: HTTP Client says - ClientConnectorError: Cannot connect to host api.telegram.org:443 ssl:default [None]
WARNING:aiogram.dispatcher:Sleep for 5.074233 seconds and try again... (tryings = 12, bot id = 8922360706)
ERROR:aiogram.dispatcher:Failed to fetch updates - TelegramNetworkError: HTTP Client says - ClientConnectorError: Cannot connect to host api.telegram.org:443 ssl:default [None]
WARNING:aiogram.dispatcher:Sleep for 5.046593 seconds and try again... (tryings = 13, bot id = 8922360706)
ERROR:aiogram.dispatcher:Failed to fetch updates - TelegramNetworkError: HTTP Client says - ClientConnectorError: Cannot connect to host api.telegram.org:443 ssl:default [None]
WARNING:aiogram.dispatcher:Sleep for 5.121867 seconds and try again... (tryings = 14, bot id = 8922360706)
ERROR:aiogram.dispatcher:Failed to fetch updates - TelegramNetworkError: HTTP Client says - ClientConnectorError: Cannot connect to host api.telegram.org:443 ssl:default [None]
WARNING:aiogram.dispatcher:Sleep for 5.074112 seconds and try again... (tryings = 15, bot id = 8922360706)
ERROR:aiogram.dispatcher:Failed to fetch updates - TelegramNetworkError: HTTP Client says - ClientConnectorError: Cannot connect to host api.telegram.org:443 ssl:default [None]
WARNING:aiogram.dispatcher:Sleep for 4.942621 seconds and try again... (tryings = 16, bot id = 8922360706)
ERROR:aiogram.dispatcher:Failed to fetch updates - TelegramNetworkError: HTTP Client says - ClientConnectorError: Cannot connect to host api.telegram.org:443 ssl:default [None]
WARNING:aiogram.dispatcher:Sleep for 4.921696 seconds and try again... (tryings = 17, bot id = 8922360706)
ERROR:aiogram.dispatcher:Failed to fetch updates - TelegramNetworkError: HTTP Client says - ClientConnectorError: Cannot connect to host api.telegram.org:443 ssl:default [None]
WARNING:aiogram.dispatcher:Sleep for 5.092649 seconds and try again... (tryings = 18, bot id = 8922360706)
ERROR:aiogram.dispatcher:Failed to fetch updates - TelegramNetworkError: HTTP Client says - ClientConnectorError: Cannot connect to host api.telegram.org:443 ssl:default [None]
WARNING:aiogram.dispatcher:Sleep for 4.852850 seconds and try again... (tryings = 19, bot id = 8922360706)
ERROR:aiogram.dispatcher:Failed to fetch updates - TelegramNetworkError: HTTP Client says - ClientConnectorError: Cannot connect to host api.telegram.org:443 ssl:default [None]
WARNING:aiogram.dispatcher:Sleep for 5.017385 seconds and try again... (tryings = 20, bot id = 8922360706)
ERROR:aiogram.dispatcher:Failed to fetch updates - TelegramNetworkError: HTTP Client says - ClientConnectorError: Cannot connect to host api.telegram.org:443 ssl:default [None]
WARNING:aiogram.dispatcher:Sleep for 4.874260 seconds and try again... (tryings = 21, bot id = 8922360706)
ERROR:aiogram.dispatcher:Failed to fetch updates - TelegramNetworkError: HTTP Client says - ClientConnectorError: Cannot connect to host api.telegram.org:443 ssl:default [None]
WARNING:aiogram.dispatcher:Sleep for 4.967821 seconds and try again... (tryings = 22, bot id = 8922360706)
ERROR:aiogram.dispatcher:Failed to fetch updates - TelegramNetworkError: HTTP Client says - ClientConnectorError: Cannot connect to host api.telegram.org:443 ssl:default [None]
WARNING:aiogram.dispatcher:Sleep for 4.968242 seconds and try again... (tryings = 23, bot id = 8922360706)
ERROR:aiogram.dispatcher:Failed to fetch updates - TelegramNetworkError: HTTP Client says - ClientConnectorError: Cannot connect to host api.telegram.org:443 ssl:default [None]
WARNING:aiogram.dispatcher:Sleep for 5.077855 seconds and try again... (tryings = 24, bot id = 8922360706)
ERROR:aiogram.dispatcher:Failed to fetch updates - TelegramNetworkError: HTTP Client says - ClientConnectorError: Cannot connect to host api.telegram.org:443 ssl:default [None]
WARNING:aiogram.dispatcher:Sleep for 5.005273 seconds and try again... (tryings = 25, bot id = 8922360706)
ERROR:aiogram.dispatcher:Failed to fetch updates - TelegramNetworkError: HTTP Client says - ClientConnectorError: Cannot connect to host api.telegram.org:443 ssl:default [None]
WARNING:aiogram.dispatcher:Sleep for 5.185773 seconds and try again... (tryings = 26, bot id = 8922360706)
ERROR:aiogram.dispatcher:Failed to fetch updates - TelegramNetworkError: HTTP Client says - ClientConnectorError: Cannot connect to host api.telegram.org:443 ssl:default [None]
WARNING:aiogram.dispatcher:Sleep for 4.907591 seconds and try again... (tryings = 27, bot id = 8922360706)
ERROR:aiogram.dispatcher:Failed to fetch updates - TelegramNetworkError: HTTP Client says - ClientConnectorError: Cannot connect to host api.telegram.org:443 ssl:default [None]
WARNING:aiogram.dispatcher:Sleep for 4.981017 seconds and try again... (tryings = 28, bot id = 8922360706)
ERROR:aiogram.dispatcher:Failed to fetch updates - TelegramNetworkError: HTTP Client says - ClientConnectorError: Cannot connect to host api.telegram.org:443 ssl:default [None]
WARNING:aiogram.dispatcher:Sleep for 5.109506 seconds and try again... (tryings = 29, bot id = 8922360706)
ERROR:aiogram.dispatcher:Failed to fetch updates - TelegramNetworkError: HTTP Client says - ClientConnectorError: Cannot connect to host api.telegram.org:443 ssl:default [None]
WARNING:aiogram.dispatcher:Sleep for 4.996817 seconds and try again... (tryings = 30, bot id = 8922360706)
ERROR:aiogram.dispatcher:Failed to fetch updates - TelegramNetworkError: HTTP Client says - ClientConnectorError: Cannot connect to host api.telegram.org:443 ssl:default [None]
WARNING:aiogram.dispatcher:Sleep for 4.978969 seconds and try again... (tryings = 31, bot id = 8922360706)
ERROR:aiogram.dispatcher:Failed to fetch updates - TelegramNetworkError: HTTP Client says - ClientConnectorError: Cannot connect to host api.telegram.org:443 ssl:default [None]
WARNING:aiogram.dispatcher:Sleep for 4.970894 seconds and try again... (tryings = 32, bot id = 8922360706)
ERROR:aiogram.dispatcher:Failed to fetch updates - TelegramNetworkError: HTTP Client says - ClientConnectorError: Cannot connect to host api.telegram.org:443 ssl:default [None]
WARNING:aiogram.dispatcher:Sleep for 4.985970 seconds and try again... (tryings = 33, bot id = 8922360706)
ERROR:aiogram.dispatcher:Failed to fetch updates - TelegramNetworkError: HTTP Client says - ClientConnectorError: Cannot connect to host api.telegram.org:443 ssl:default [None]
WARNING:aiogram.dispatcher:Sleep for 4.876503 seconds and try again... (tryings = 34, bot id = 8922360706)
ERROR:aiogram.dispatcher:Failed to fetch updates - TelegramNetworkError: HTTP Client says - ClientConnectorError: Cannot connect to host api.telegram.org:443 ssl:default [None]
WARNING:aiogram.dispatcher:Sleep for 5.091692 seconds and try again... (tryings = 35, bot id = 8922360706)
ERROR:aiogram.dispatcher:Failed to fetch updates - TelegramNetworkError: HTTP Client says - ClientConnectorError: Cannot connect to host api.telegram.org:443 ssl:default [None]
WARNING:aiogram.dispatcher:Sleep for 4.906559 seconds and try again... (tryings = 36, bot id = 8922360706)
ERROR:aiogram.dispatcher:Failed to fetch updates - TelegramNetworkError: HTTP Client says - ClientConnectorError: Cannot connect to host api.telegram.org:443 ssl:default [None]
WARNING:aiogram.dispatcher:Sleep for 4.873467 seconds and try again... (tryings = 37, bot id = 8922360706)
ERROR:aiogram.dispatcher:Failed to fetch updates - TelegramNetworkError: HTTP Client says - ClientConnectorError: Cannot connect to host api.telegram.org:443 ssl:default [None]
WARNING:aiogram.dispatcher:Sleep for 4.942140 seconds and try again... (tryings = 38, bot id = 8922360706)
ERROR:aiogram.dispatcher:Failed to fetch updates - TelegramNetworkError: HTTP Client says - ClientConnectorError: Cannot connect to host api.telegram.org:443 ssl:default [None]
WARNING:aiogram.dispatcher:Sleep for 5.195852 seconds and try again... (tryings = 39, bot id = 8922360706)
ERROR:aiogram.dispatcher:Failed to fetch updates - TelegramNetworkError: HTTP Client says - ClientConnectorError: Cannot connect to host api.telegram.org:443 ssl:default [None]
WARNING:aiogram.dispatcher:Sleep for 4.966736 seconds and try again... (tryings = 40, bot id = 8922360706)
ERROR:aiogram.dispatcher:Failed to fetch updates - TelegramNetworkError: HTTP Client says - ClientConnectorError: Cannot connect to host api.telegram.org:443 ssl:default [None]
WARNING:aiogram.dispatcher:Sleep for 4.991031 seconds and try again... (tryings = 41, bot id = 8922360706)
ERROR:aiogram.dispatcher:Failed to fetch updates - TelegramNetworkError: HTTP Client says - ClientConnectorError: Cannot connect to host api.telegram.org:443 ssl:default [None]
WARNING:aiogram.dispatcher:Sleep for 5.011987 seconds and try again... (tryings = 42, bot id = 8922360706)
ERROR:aiogram.dispatcher:Failed to fetch updates - TelegramNetworkError: HTTP Client says - ClientConnectorError: Cannot connect to host api.telegram.org:443 ssl:default [None]
WARNING:aiogram.dispatcher:Sleep for 4.952765 seconds and try again... (tryings = 43, bot id = 8922360706)
ERROR:aiogram.dispatcher:Failed to fetch updates - TelegramNetworkError: HTTP Client says - ClientConnectorError: Cannot connect to host api.telegram.org:443 ssl:default [None]
WARNING:aiogram.dispatcher:Sleep for 4.932874 seconds and try again... (tryings = 44, bot id = 8922360706)
ERROR:aiogram.dispatcher:Failed to fetch updates - TelegramNetworkError: HTTP Client says - ClientConnectorError: Cannot connect to host api.telegram.org:443 ssl:default [None]
WARNING:aiogram.dispatcher:Sleep for 5.003623 seconds and try again... (tryings = 45, bot id = 8922360706)
ERROR:aiogram.dispatcher:Failed to fetch updates - TelegramNetworkError: HTTP Client says - ClientConnectorError: Cannot connect to host api.telegram.org:443 ssl:default [None]
WARNING:aiogram.dispatcher:Sleep for 4.886314 seconds and try again... (tryings = 46, bot id = 8922360706)
ERROR:aiogram.dispatcher:Failed to fetch updates - TelegramNetworkError: HTTP Client says - ClientConnectorError: Cannot connect to host api.telegram.org:443 ssl:default [None]
WARNING:aiogram.dispatcher:Sleep for 5.057442 seconds and try again... (tryings = 47, bot id = 8922360706)
ERROR:aiogram.dispatcher:Failed to fetch updates - TelegramNetworkError: HTTP Client says - ClientConnectorError: Cannot connect to host api.telegram.org:443 ssl:default [None]
WARNING:aiogram.dispatcher:Sleep for 4.968290 seconds and try again... (tryings = 48, bot id = 8922360706)
ERROR:aiogram.dispatcher:Failed to fetch updates - TelegramNetworkError: HTTP Client says - ClientConnectorError: Cannot connect to host api.telegram.org:443 ssl:default [None]
WARNING:aiogram.dispatcher:Sleep for 5.009438 seconds and try again... (tryings = 49, bot id = 8922360706)
ERROR:aiogram.dispatcher:Failed to fetch updates - TelegramNetworkError: HTTP Client says - ClientConnectorError: Cannot connect to host api.telegram.org:443 ssl:default [None]
WARNING:aiogram.dispatcher:Sleep for 4.986544 seconds and try again... (tryings = 50, bot id = 8922360706)
ERROR:aiogram.dispatcher:Failed to fetch updates - TelegramNetworkError: HTTP Client says - ClientConnectorError: Cannot connect to host api.telegram.org:443 ssl:default [None]
WARNING:aiogram.dispatcher:Sleep for 4.914694 seconds and try again... (tryings = 51, bot id = 8922360706)
ERROR:aiogram.dispatcher:Failed to fetch updates - TelegramNetworkError: HTTP Client says - ClientConnectorError: Cannot connect to host api.telegram.org:443 ssl:default [None]
WARNING:aiogram.dispatcher:Sleep for 4.940509 seconds and try again... (tryings = 52, bot id = 8922360706)
ERROR:aiogram.dispatcher:Failed to fetch updates - TelegramNetworkError: HTTP Client says - ClientConnectorError: Cannot connect to host api.telegram.org:443 ssl:default [None]
WARNING:aiogram.dispatcher:Sleep for 4.962032 seconds and try again... (tryings = 53, bot id = 8922360706)
ERROR:aiogram.dispatcher:Failed to fetch updates - TelegramNetworkError: HTTP Client says - ClientConnectorError: Cannot connect to host api.telegram.org:443 ssl:default [None]
WARNING:aiogram.dispatcher:Sleep for 4.937489 seconds and try again... (tryings = 54, bot id = 8922360706)
ERROR:aiogram.dispatcher:Failed to fetch updates - TelegramNetworkError: HTTP Client says - ClientConnectorError: Cannot connect to host api.telegram.org:443 ssl:default [None]
WARNING:aiogram.dispatcher:Sleep for 5.142688 seconds and try again... (tryings = 55, bot id = 8922360706)
ERROR:aiogram.dispatcher:Failed to fetch updates - TelegramNetworkError: HTTP Client says - ClientConnectorError: Cannot connect to host api.telegram.org:443 ssl:default [None]
WARNING:aiogram.dispatcher:Sleep for 5.087495 seconds and try again... (tryings = 56, bot id = 8922360706)
ERROR:aiogram.dispatcher:Failed to fetch updates - TelegramNetworkError: HTTP Client says - ClientConnectorError: Cannot connect to host api.telegram.org:443 ssl:default [None]
WARNING:aiogram.dispatcher:Sleep for 4.986967 seconds and try again... (tryings = 57, bot id = 8922360706)
ERROR:aiogram.dispatcher:Failed to fetch updates - TelegramNetworkError: HTTP Client says - ClientConnectorError: Cannot connect to host api.telegram.org:443 ssl:default [None]
WARNING:aiogram.dispatcher:Sleep for 4.892475 seconds and try again... (tryings = 58, bot id = 8922360706)
ERROR:aiogram.dispatcher:Failed to fetch updates - TelegramNetworkError: HTTP Client says - ClientConnectorError: Cannot connect to host api.telegram.org:443 ssl:default [None]
WARNING:aiogram.dispatcher:Sleep for 5.020323 seconds and try again... (tryings = 59, bot id = 8922360706)
ERROR:aiogram.dispatcher:Failed to fetch updates - TelegramNetworkError: HTTP Client says - ClientConnectorError: Cannot connect to host api.telegram.org:443 ssl:default [None]
WARNING:aiogram.dispatcher:Sleep for 4.930228 seconds and try again... (tryings = 60, bot id = 8922360706)
ERROR:aiogram.dispatcher:Failed to fetch updates - TelegramNetworkError: HTTP Client says - ClientConnectorError: Cannot connect to host api.telegram.org:443 ssl:default [None]
WARNING:aiogram.dispatcher:Sleep for 5.001515 seconds and try again... (tryings = 61, bot id = 8922360706)
ERROR:aiogram.dispatcher:Failed to fetch updates - TelegramNetworkError: HTTP Client says - ClientConnectorError: Cannot connect to host api.telegram.org:443 ssl:default [None]
WARNING:aiogram.dispatcher:Sleep for 4.934287 seconds and try again... (tryings = 62, bot id = 8922360706)
ERROR:aiogram.dispatcher:Failed to fetch updates - TelegramNetworkError: HTTP Client says - ClientConnectorError: Cannot connect to host api.telegram.org:443 ssl:default [None]
WARNING:aiogram.dispatcher:Sleep for 4.911066 seconds and try again... (tryings = 63, bot id = 8922360706)
ERROR:aiogram.dispatcher:Failed to fetch updates - TelegramNetworkError: HTTP Client says - ClientConnectorError: Cannot connect to host api.telegram.org:443 ssl:default [None]
WARNING:aiogram.dispatcher:Sleep for 5.086217 seconds and try again... (tryings = 64, bot id = 8922360706)
ERROR:aiogram.dispatcher:Failed to fetch updates - TelegramNetworkError: HTTP Client says - Request timeout error
WARNING:aiogram.dispatcher:Sleep for 5.129240 seconds and try again... (tryings = 65, bot id = 8922360706)
ERROR:aiogram.dispatcher:Failed to fetch updates - TelegramNetworkError: HTTP Client says - ClientConnectorCertificateError: Cannot connect to host api.telegram.org:443 ssl:True [SSLCertVerificationError: (1, "[SSL: CERTIFICATE_VERIFY_FAILED] certificate verify failed: Hostname mismatch, certificate is not valid for 'api.telegram.org'. (_ssl.c:1081)")]
WARNING:aiogram.dispatcher:Sleep for 5.101301 seconds and try again... (tryings = 66, bot id = 8922360706)
ERROR:aiogram.dispatcher:Failed to fetch updates - TelegramNetworkError: HTTP Client says - ClientConnectorCertificateError: Cannot connect to host api.telegram.org:443 ssl:True [SSLCertVerificationError: (1, "[SSL: CERTIFICATE_VERIFY_FAILED] certificate verify failed: Hostname mismatch, certificate is not valid for 'api.telegram.org'. (_ssl.c:1081)")]
WARNING:aiogram.dispatcher:Sleep for 5.076769 seconds and try again... (tryings = 67, bot id = 8922360706)
ERROR:aiogram.dispatcher:Failed to fetch updates - TelegramNetworkError: HTTP Client says - ClientConnectorCertificateError: Cannot connect to host api.telegram.org:443 ssl:True [SSLCertVerificationError: (1, "[SSL: CERTIFICATE_VERIFY_FAILED] certificate verify failed: Hostname mismatch, certificate is not valid for 'api.telegram.org'. (_ssl.c:1081)")]
WARNING:aiogram.dispatcher:Sleep for 4.977210 seconds and try again... (tryings = 68, bot id = 8922360706)
ERROR:aiogram.dispatcher:Failed to fetch updates - TelegramNetworkError: HTTP Client says - ClientConnectorCertificateError: Cannot connect to host api.telegram.org:443 ssl:True [SSLCertVerificationError: (1, "[SSL: CERTIFICATE_VERIFY_FAILED] certificate verify failed: Hostname mismatch, certificate is not valid for 'api.telegram.org'. (_ssl.c:1081)")]
WARNING:aiogram.dispatcher:Sleep for 4.972464 seconds and try again... (tryings = 69, bot id = 8922360706)
ERROR:aiogram.dispatcher:Failed to fetch updates - TelegramNetworkError: HTTP Client says - ClientConnectorCertificateError: Cannot connect to host api.telegram.org:443 ssl:True [SSLCertVerificationError: (1, "[SSL: CERTIFICATE_VERIFY_FAILED] certificate verify failed: Hostname mismatch, certificate is not valid for 'api.telegram.org'. (_ssl.c:1081)")]
WARNING:aiogram.dispatcher:Sleep for 4.956496 seconds and try again... (tryings = 70, bot id = 8922360706)
ERROR:aiogram.dispatcher:Failed to fetch updates - TelegramNetworkError: HTTP Client says - ClientConnectorCertificateError: Cannot connect to host api.telegram.org:443 ssl:True [SSLCertVerificationError: (1, "[SSL: CERTIFICATE_VERIFY_FAILED] certificate verify failed: Hostname mismatch, certificate is not valid for 'api.telegram.org'. (_ssl.c:1081)")]
WARNING:aiogram.dispatcher:Sleep for 4.879216 seconds and try again... (tryings = 71, bot id = 8922360706)
ERROR:aiogram.dispatcher:Failed to fetch updates - TelegramNetworkError: HTTP Client says - ClientConnectorCertificateError: Cannot connect to host api.telegram.org:443 ssl:True [SSLCertVerificationError: (1, "[SSL: CERTIFICATE_VERIFY_FAILED] certificate verify failed: Hostname mismatch, certificate is not valid for 'api.telegram.org'. (_ssl.c:1081)")]
WARNING:aiogram.dispatcher:Sleep for 5.096305 seconds and try again... (tryings = 72, bot id = 8922360706)
ERROR:aiogram.dispatcher:Failed to fetch updates - TelegramNetworkError: HTTP Client says - ClientConnectorCertificateError: Cannot connect to host api.telegram.org:443 ssl:True [SSLCertVerificationError: (1, "[SSL: CERTIFICATE_VERIFY_FAILED] certificate verify failed: Hostname mismatch, certificate is not valid for 'api.telegram.org'. (_ssl.c:1081)")]
WARNING:aiogram.dispatcher:Sleep for 5.102322 seconds and try again... (tryings = 73, bot id = 8922360706)
ERROR:aiogram.dispatcher:Failed to fetch updates - TelegramNetworkError: HTTP Client says - ClientConnectorCertificateError: Cannot connect to host api.telegram.org:443 ssl:True [SSLCertVerificationError: (1, "[SSL: CERTIFICATE_VERIFY_FAILED] certificate verify failed: Hostname mismatch, certificate is not valid for 'api.telegram.org'. (_ssl.c:1081)")]
WARNING:aiogram.dispatcher:Sleep for 5.040503 seconds and try again... (tryings = 74, bot id = 8922360706)
ERROR:aiogram.dispatcher:Failed to fetch updates - TelegramNetworkError: HTTP Client says - ClientConnectorCertificateError: Cannot connect to host api.telegram.org:443 ssl:True [SSLCertVerificationError: (1, "[SSL: CERTIFICATE_VERIFY_FAILED] certificate verify failed: Hostname mismatch, certificate is not valid for 'api.telegram.org'. (_ssl.c:1081)")]
WARNING:aiogram.dispatcher:Sleep for 4.850497 seconds and try again... (tryings = 75, bot id = 8922360706)
ERROR:aiogram.dispatcher:Failed to fetch updates - TelegramNetworkError: HTTP Client says - ClientConnectorCertificateError: Cannot connect to host api.telegram.org:443 ssl:True [SSLCertVerificationError: (1, "[SSL: CERTIFICATE_VERIFY_FAILED] certificate verify failed: Hostname mismatch, certificate is not valid for 'api.telegram.org'. (_ssl.c:1081)")]
WARNING:aiogram.dispatcher:Sleep for 4.979252 seconds and try again... (tryings = 76, bot id = 8922360706)
ERROR:aiogram.dispatcher:Failed to fetch updates - TelegramNetworkError: HTTP Client says - ClientConnectorCertificateError: Cannot connect to host api.telegram.org:443 ssl:True [SSLCertVerificationError: (1, "[SSL: CERTIFICATE_VERIFY_FAILED] certificate verify failed: Hostname mismatch, certificate is not valid for 'api.telegram.org'. (_ssl.c:1081)")]
WARNING:aiogram.dispatcher:Sleep for 5.029008 seconds and try again... (tryings = 77, bot id = 8922360706)
ERROR:aiogram.dispatcher:Failed to fetch updates - TelegramNetworkError: HTTP Client says - ClientConnectorCertificateError: Cannot connect to host api.telegram.org:443 ssl:True [SSLCertVerificationError: (1, "[SSL: CERTIFICATE_VERIFY_FAILED] certificate verify failed: Hostname mismatch, certificate is not valid for 'api.telegram.org'. (_ssl.c:1081)")]
WARNING:aiogram.dispatcher:Sleep for 5.008962 seconds and try again... (tryings = 78, bot id = 8922360706)
ERROR:aiogram.dispatcher:Failed to fetch updates - TelegramNetworkError: HTTP Client says - ClientConnectorCertificateError: Cannot connect to host api.telegram.org:443 ssl:True [SSLCertVerificationError: (1, "[SSL: CERTIFICATE_VERIFY_FAILED] certificate verify failed: Hostname mismatch, certificate is not valid for 'api.telegram.org'. (_ssl.c:1081)")]
WARNING:aiogram.dispatcher:Sleep for 4.948649 seconds and try again... (tryings = 79, bot id = 8922360706)
ERROR:aiogram.dispatcher:Failed to fetch updates - TelegramNetworkError: HTTP Client says - ClientConnectorCertificateError: Cannot connect to host api.telegram.org:443 ssl:True [SSLCertVerificationError: (1, "[SSL: CERTIFICATE_VERIFY_FAILED] certificate verify failed: Hostname mismatch, certificate is not valid for 'api.telegram.org'. (_ssl.c:1081)")]
WARNING:aiogram.dispatcher:Sleep for 4.976488 seconds and try again... (tryings = 80, bot id = 8922360706)
ERROR:aiogram.dispatcher:Failed to fetch updates - TelegramNetworkError: HTTP Client says - ClientConnectorCertificateError: Cannot connect to host api.telegram.org:443 ssl:True [SSLCertVerificationError: (1, "[SSL: CERTIFICATE_VERIFY_FAILED] certificate verify failed: Hostname mismatch, certificate is not valid for 'api.telegram.org'. (_ssl.c:1081)")]
WARNING:aiogram.dispatcher:Sleep for 4.916135 seconds and try again... (tryings = 81, bot id = 8922360706)
ERROR:aiogram.dispatcher:Failed to fetch updates - TelegramNetworkError: HTTP Client says - ClientConnectorCertificateError: Cannot connect to host api.telegram.org:443 ssl:True [SSLCertVerificationError: (1, "[SSL: CERTIFICATE_VERIFY_FAILED] certificate verify failed: Hostname mismatch, certificate is not valid for 'api.telegram.org'. (_ssl.c:1081)")]
WARNING:aiogram.dispatcher:Sleep for 4.946173 seconds and try again... (tryings = 82, bot id = 8922360706)
ERROR:aiogram.dispatcher:Failed to fetch updates - TelegramNetworkError: HTTP Client says - ClientConnectorCertificateError: Cannot connect to host api.telegram.org:443 ssl:True [SSLCertVerificationError: (1, "[SSL: CERTIFICATE_VERIFY_FAILED] certificate verify failed: Hostname mismatch, certificate is not valid for 'api.telegram.org'. (_ssl.c:1081)")]
WARNING:aiogram.dispatcher:Sleep for 5.045879 seconds and try again... (tryings = 83, bot id = 8922360706)
ERROR:aiogram.dispatcher:Failed to fetch updates - TelegramNetworkError: HTTP Client says - ClientConnectorCertificateError: Cannot connect to host api.telegram.org:443 ssl:True [SSLCertVerificationError: (1, "[SSL: CERTIFICATE_VERIFY_FAILED] certificate verify failed: Hostname mismatch, certificate is not valid for 'api.telegram.org'. (_ssl.c:1081)")]
WARNING:aiogram.dispatcher:Sleep for 5.035475 seconds and try again... (tryings = 84, bot id = 8922360706)
ERROR:aiogram.dispatcher:Failed to fetch updates - TelegramNetworkError: HTTP Client says - ClientConnectorCertificateError: Cannot connect to host api.telegram.org:443 ssl:True [SSLCertVerificationError: (1, "[SSL: CERTIFICATE_VERIFY_FAILED] certificate verify failed: Hostname mismatch, certificate is not valid for 'api.telegram.org'. (_ssl.c:1081)")]
WARNING:aiogram.dispatcher:Sleep for 4.920397 seconds and try again... (tryings = 85, bot id = 8922360706)
ERROR:aiogram.dispatcher:Failed to fetch updates - TelegramNetworkError: HTTP Client says - ClientConnectorCertificateError: Cannot connect to host api.telegram.org:443 ssl:True [SSLCertVerificationError: (1, "[SSL: CERTIFICATE_VERIFY_FAILED] certificate verify failed: Hostname mismatch, certificate is not valid for 'api.telegram.org'. (_ssl.c:1081)")]
WARNING:aiogram.dispatcher:Sleep for 5.028342 seconds and try again... (tryings = 86, bot id = 8922360706)
ERROR:aiogram.dispatcher:Failed to fetch updates - TelegramNetworkError: HTTP Client says - ClientConnectorCertificateError: Cannot connect to host api.telegram.org:443 ssl:True [SSLCertVerificationError: (1, "[SSL: CERTIFICATE_VERIFY_FAILED] certificate verify failed: Hostname mismatch, certificate is not valid for 'api.telegram.org'. (_ssl.c:1081)")]
WARNING:aiogram.dispatcher:Sleep for 5.133395 seconds and try again... (tryings = 87, bot id = 8922360706)
ERROR:aiogram.dispatcher:Failed to fetch updates - TelegramNetworkError: HTTP Client says - ClientConnectorCertificateError: Cannot connect to host api.telegram.org:443 ssl:True [SSLCertVerificationError: (1, "[SSL: CERTIFICATE_VERIFY_FAILED] certificate verify failed: Hostname mismatch, certificate is not valid for 'api.telegram.org'. (_ssl.c:1081)")]
WARNING:aiogram.dispatcher:Sleep for 5.102225 seconds and try again... (tryings = 88, bot id = 8922360706)
ERROR:aiogram.dispatcher:Failed to fetch updates - TelegramNetworkError: HTTP Client says - ClientConnectorCertificateError: Cannot connect to host api.telegram.org:443 ssl:True [SSLCertVerificationError: (1, "[SSL: CERTIFICATE_VERIFY_FAILED] certificate verify failed: Hostname mismatch, certificate is not valid for 'api.telegram.org'. (_ssl.c:1081)")]
WARNING:aiogram.dispatcher:Sleep for 5.086103 seconds and try again... (tryings = 89, bot id = 8922360706)
ERROR:aiogram.dispatcher:Failed to fetch updates - TelegramNetworkError: HTTP Client says - ClientConnectorCertificateError: Cannot connect to host api.telegram.org:443 ssl:True [SSLCertVerificationError: (1, "[SSL: CERTIFICATE_VERIFY_FAILED] certificate verify failed: Hostname mismatch, certificate is not valid for 'api.telegram.org'. (_ssl.c:1081)")]
WARNING:aiogram.dispatcher:Sleep for 5.040729 seconds and try again... (tryings = 90, bot id = 8922360706)
ERROR:aiogram.dispatcher:Failed to fetch updates - TelegramNetworkError: HTTP Client says - ClientConnectorCertificateError: Cannot connect to host api.telegram.org:443 ssl:True [SSLCertVerificationError: (1, "[SSL: CERTIFICATE_VERIFY_FAILED] certificate verify failed: Hostname mismatch, certificate is not valid for 'api.telegram.org'. (_ssl.c:1081)")]
WARNING:aiogram.dispatcher:Sleep for 4.926081 seconds and try again... (tryings = 91, bot id = 8922360706)
ERROR:aiogram.dispatcher:Failed to fetch updates - TelegramNetworkError: HTTP Client says - ClientConnectorCertificateError: Cannot connect to host api.telegram.org:443 ssl:True [SSLCertVerificationError: (1, "[SSL: CERTIFICATE_VERIFY_FAILED] certificate verify failed: Hostname mismatch, certificate is not valid for 'api.telegram.org'. (_ssl.c:1081)")]
WARNING:aiogram.dispatcher:Sleep for 5.007190 seconds and try again... (tryings = 92, bot id = 8922360706)
ERROR:aiogram.dispatcher:Failed to fetch updates - TelegramNetworkError: HTTP Client says - ClientConnectorCertificateError: Cannot connect to host api.telegram.org:443 ssl:True [SSLCertVerificationError: (1, "[SSL: CERTIFICATE_VERIFY_FAILED] certificate verify failed: Hostname mismatch, certificate is not valid for 'api.telegram.org'. (_ssl.c:1081)")]
WARNING:aiogram.dispatcher:Sleep for 5.095869 seconds and try again... (tryings = 93, bot id = 8922360706)
ERROR:aiogram.dispatcher:Failed to fetch updates - TelegramNetworkError: HTTP Client says - ClientConnectorCertificateError: Cannot connect to host api.telegram.org:443 ssl:True [SSLCertVerificationError: (1, "[SSL: CERTIFICATE_VERIFY_FAILED] certificate verify failed: Hostname mismatch, certificate is not valid for 'api.telegram.org'. (_ssl.c:1081)")]
WARNING:aiogram.dispatcher:Sleep for 5.011791 seconds and try again... (tryings = 94, bot id = 8922360706)
ERROR:aiogram.dispatcher:Failed to fetch updates - TelegramNetworkError: HTTP Client says - ClientConnectorCertificateError: Cannot connect to host api.telegram.org:443 ssl:True [SSLCertVerificationError: (1, "[SSL: CERTIFICATE_VERIFY_FAILED] certificate verify failed: Hostname mismatch, certificate is not valid for 'api.telegram.org'. (_ssl.c:1081)")]
WARNING:aiogram.dispatcher:Sleep for 4.928603 seconds and try again... (tryings = 95, bot id = 8922360706)
ERROR:aiogram.dispatcher:Failed to fetch updates - TelegramNetworkError: HTTP Client says - ClientConnectorCertificateError: Cannot connect to host api.telegram.org:443 ssl:True [SSLCertVerificationError: (1, "[SSL: CERTIFICATE_VERIFY_FAILED] certificate verify failed: Hostname mismatch, certificate is not valid for 'api.telegram.org'. (_ssl.c:1081)")]
WARNING:aiogram.dispatcher:Sleep for 4.922024 seconds and try again... (tryings = 96, bot id = 8922360706)
ERROR:aiogram.dispatcher:Failed to fetch updates - TelegramNetworkError: HTTP Client says - ClientConnectorCertificateError: Cannot connect to host api.telegram.org:443 ssl:True [SSLCertVerificationError: (1, "[SSL: CERTIFICATE_VERIFY_FAILED] certificate verify failed: Hostname mismatch, certificate is not valid for 'api.telegram.org'. (_ssl.c:1081)")]
WARNING:aiogram.dispatcher:Sleep for 5.003983 seconds and try again... (tryings = 97, bot id = 8922360706)
ERROR:aiogram.dispatcher:Failed to fetch updates - TelegramNetworkError: HTTP Client says - ClientConnectorCertificateError: Cannot connect to host api.telegram.org:443 ssl:True [SSLCertVerificationError: (1, "[SSL: CERTIFICATE_VERIFY_FAILED] certificate verify failed: Hostname mismatch, certificate is not valid for 'api.telegram.org'. (_ssl.c:1081)")]
WARNING:aiogram.dispatcher:Sleep for 4.874638 seconds and try again... (tryings = 98, bot id = 8922360706)
ERROR:aiogram.dispatcher:Failed to fetch updates - TelegramNetworkError: HTTP Client says - ClientConnectorCertificateError: Cannot connect to host api.telegram.org:443 ssl:True [SSLCertVerificationError: (1, "[SSL: CERTIFICATE_VERIFY_FAILED] certificate verify failed: Hostname mismatch, certificate is not valid for 'api.telegram.org'. (_ssl.c:1081)")]
WARNING:aiogram.dispatcher:Sleep for 4.884791 seconds and try again... (tryings = 99, bot id = 8922360706)
ERROR:aiogram.dispatcher:Failed to fetch updates - TelegramNetworkError: HTTP Client says - ClientConnectorCertificateError: Cannot connect to host api.telegram.org:443 ssl:True [SSLCertVerificationError: (1, "[SSL: CERTIFICATE_VERIFY_FAILED] certificate verify failed: Hostname mismatch, certificate is not valid for 'api.telegram.org'. (_ssl.c:1081)")]
WARNING:aiogram.dispatcher:Sleep for 4.970957 seconds and try again... (tryings = 100, bot id = 8922360706)
ERROR:aiogram.dispatcher:Failed to fetch updates - TelegramNetworkError: HTTP Client says - ClientConnectorCertificateError: Cannot connect to host api.telegram.org:443 ssl:True [SSLCertVerificationError: (1, "[SSL: CERTIFICATE_VERIFY_FAILED] certificate verify failed: Hostname mismatch, certificate is not valid for 'api.telegram.org'. (_ssl.c:1081)")]
WARNING:aiogram.dispatcher:Sleep for 5.114636 seconds and try again... (tryings = 101, bot id = 8922360706)
ERROR:aiogram.dispatcher:Failed to fetch updates - TelegramNetworkError: HTTP Client says - ClientConnectorCertificateError: Cannot connect to host api.telegram.org:443 ssl:True [SSLCertVerificationError: (1, "[SSL: CERTIFICATE_VERIFY_FAILED] certificate verify failed: Hostname mismatch, certificate is not valid for 'api.telegram.org'. (_ssl.c:1081)")]
WARNING:aiogram.dispatcher:Sleep for 5.003794 seconds and try again... (tryings = 102, bot id = 8922360706)
ERROR:aiogram.dispatcher:Failed to fetch updates - TelegramNetworkError: HTTP Client says - ClientConnectorCertificateError: Cannot connect to host api.telegram.org:443 ssl:True [SSLCertVerificationError: (1, "[SSL: CERTIFICATE_VERIFY_FAILED] certificate verify failed: Hostname mismatch, certificate is not valid for 'api.telegram.org'. (_ssl.c:1081)")]
WARNING:aiogram.dispatcher:Sleep for 5.001672 seconds and try again... (tryings = 103, bot id = 8922360706)
ERROR:aiogram.dispatcher:Failed to fetch updates - TelegramNetworkError: HTTP Client says - ClientConnectorCertificateError: Cannot connect to host api.telegram.org:443 ssl:True [SSLCertVerificationError: (1, "[SSL: CERTIFICATE_VERIFY_FAILED] certificate verify failed: Hostname mismatch, certificate is not valid for 'api.telegram.org'. (_ssl.c:1081)")]
WARNING:aiogram.dispatcher:Sleep for 4.666182 seconds and try again... (tryings = 104, bot id = 8922360706)
ERROR:aiogram.dispatcher:Failed to fetch updates - TelegramNetworkError: HTTP Client says - ClientConnectorCertificateError: Cannot connect to host api.telegram.org:443 ssl:True [SSLCertVerificationError: (1, "[SSL: CERTIFICATE_VERIFY_FAILED] certificate verify failed: Hostname mismatch, certificate is not valid for 'api.telegram.org'. (_ssl.c:1081)")]
WARNING:aiogram.dispatcher:Sleep for 5.139809 seconds and try again... (tryings = 105, bot id = 8922360706)
ERROR:aiogram.dispatcher:Failed to fetch updates - TelegramNetworkError: HTTP Client says - ClientConnectorCertificateError: Cannot connect to host api.telegram.org:443 ssl:True [SSLCertVerificationError: (1, "[SSL: CERTIFICATE_VERIFY_FAILED] certificate verify failed: Hostname mismatch, certificate is not valid for 'api.telegram.org'. (_ssl.c:1081)")]
WARNING:aiogram.dispatcher:Sleep for 4.873961 seconds and try again... (tryings = 106, bot id = 8922360706)
ERROR:aiogram.dispatcher:Failed to fetch updates - TelegramNetworkError: HTTP Client says - ClientConnectorCertificateError: Cannot connect to host api.telegram.org:443 ssl:True [SSLCertVerificationError: (1, "[SSL: CERTIFICATE_VERIFY_FAILED] certificate verify failed: Hostname mismatch, certificate is not valid for 'api.telegram.org'. (_ssl.c:1081)")]
WARNING:aiogram.dispatcher:Sleep for 4.955987 seconds and try again... (tryings = 107, bot id = 8922360706)
ERROR:aiogram.dispatcher:Failed to fetch updates - TelegramNetworkError: HTTP Client says - ClientConnectorCertificateError: Cannot connect to host api.telegram.org:443 ssl:True [SSLCertVerificationError: (1, "[SSL: CERTIFICATE_VERIFY_FAILED] certificate verify failed: Hostname mismatch, certificate is not valid for 'api.telegram.org'. (_ssl.c:1081)")]
WARNING:aiogram.dispatcher:Sleep for 4.999864 seconds and try again... (tryings = 108, bot id = 8922360706)
ERROR:aiogram.dispatcher:Failed to fetch updates - TelegramNetworkError: HTTP Client says - ClientConnectorCertificateError: Cannot connect to host api.telegram.org:443 ssl:True [SSLCertVerificationError: (1, "[SSL: CERTIFICATE_VERIFY_FAILED] certificate verify failed: Hostname mismatch, certificate is not valid for 'api.telegram.org'. (_ssl.c:1081)")]
WARNING:aiogram.dispatcher:Sleep for 4.976524 seconds and try again... (tryings = 109, bot id = 8922360706)
ERROR:aiogram.dispatcher:Failed to fetch updates - TelegramNetworkError: HTTP Client says - ClientConnectorCertificateError: Cannot connect to host api.telegram.org:443 ssl:True [SSLCertVerificationError: (1, "[SSL: CERTIFICATE_VERIFY_FAILED] certificate verify failed: Hostname mismatch, certificate is not valid for 'api.telegram.org'. (_ssl.c:1081)")]
WARNING:aiogram.dispatcher:Sleep for 5.156295 seconds and try again... (tryings = 110, bot id = 8922360706)
ERROR:aiogram.dispatcher:Failed to fetch updates - TelegramNetworkError: HTTP Client says - ClientConnectorCertificateError: Cannot connect to host api.telegram.org:443 ssl:True [SSLCertVerificationError: (1, "[SSL: CERTIFICATE_VERIFY_FAILED] certificate verify failed: Hostname mismatch, certificate is not valid for 'api.telegram.org'. (_ssl.c:1081)")]
WARNING:aiogram.dispatcher:Sleep for 4.958477 seconds and try again... (tryings = 111, bot id = 8922360706)
ERROR:aiogram.dispatcher:Failed to fetch updates - TelegramNetworkError: HTTP Client says - ClientConnectorCertificateError: Cannot connect to host api.telegram.org:443 ssl:True [SSLCertVerificationError: (1, "[SSL: CERTIFICATE_VERIFY_FAILED] certificate verify failed: Hostname mismatch, certificate is not valid for 'api.telegram.org'. (_ssl.c:1081)")]
WARNING:aiogram.dispatcher:Sleep for 4.980406 seconds and try again... (tryings = 112, bot id = 8922360706)
ERROR:aiogram.dispatcher:Failed to fetch updates - TelegramNetworkError: HTTP Client says - ClientConnectorCertificateError: Cannot connect to host api.telegram.org:443 ssl:True [SSLCertVerificationError: (1, "[SSL: CERTIFICATE_VERIFY_FAILED] certificate verify failed: Hostname mismatch, certificate is not valid for 'api.telegram.org'. (_ssl.c:1081)")]
WARNING:aiogram.dispatcher:Sleep for 4.932113 seconds and try again... (tryings = 113, bot id = 8922360706)
ERROR:aiogram.dispatcher:Failed to fetch updates - TelegramNetworkError: HTTP Client says - ClientConnectorCertificateError: Cannot connect to host api.telegram.org:443 ssl:True [SSLCertVerificationError: (1, "[SSL: CERTIFICATE_VERIFY_FAILED] certificate verify failed: Hostname mismatch, certificate is not valid for 'api.telegram.org'. (_ssl.c:1081)")]
WARNING:aiogram.dispatcher:Sleep for 5.129202 seconds and try again... (tryings = 114, bot id = 8922360706)
ERROR:aiogram.dispatcher:Failed to fetch updates - TelegramNetworkError: HTTP Client says - ClientConnectorCertificateError: Cannot connect to host api.telegram.org:443 ssl:True [SSLCertVerificationError: (1, "[SSL: CERTIFICATE_VERIFY_FAILED] certificate verify failed: Hostname mismatch, certificate is not valid for 'api.telegram.org'. (_ssl.c:1081)")]
WARNING:aiogram.dispatcher:Sleep for 5.059948 seconds and try again... (tryings = 115, bot id = 8922360706)
ERROR:aiogram.dispatcher:Failed to fetch updates - TelegramNetworkError: HTTP Client says - ClientConnectorCertificateError: Cannot connect to host api.telegram.org:443 ssl:True [SSLCertVerificationError: (1, "[SSL: CERTIFICATE_VERIFY_FAILED] certificate verify failed: Hostname mismatch, certificate is not valid for 'api.telegram.org'. (_ssl.c:1081)")]
WARNING:aiogram.dispatcher:Sleep for 5.035515 seconds and try again... (tryings = 116, bot id = 8922360706)
ERROR:aiogram.dispatcher:Failed to fetch updates - TelegramNetworkError: HTTP Client says - ClientConnectorCertificateError: Cannot connect to host api.telegram.org:443 ssl:True [SSLCertVerificationError: (1, "[SSL: CERTIFICATE_VERIFY_FAILED] certificate verify failed: Hostname mismatch, certificate is not valid for 'api.telegram.org'. (_ssl.c:1081)")]
WARNING:aiogram.dispatcher:Sleep for 5.000888 seconds and try again... (tryings = 117, bot id = 8922360706)
ERROR:aiogram.dispatcher:Failed to fetch updates - TelegramNetworkError: HTTP Client says - ClientConnectorCertificateError: Cannot connect to host api.telegram.org:443 ssl:True [SSLCertVerificationError: (1, "[SSL: CERTIFICATE_VERIFY_FAILED] certificate verify failed: Hostname mismatch, certificate is not valid for 'api.telegram.org'. (_ssl.c:1081)")]
WARNING:aiogram.dispatcher:Sleep for 4.993656 seconds and try again... (tryings = 118, bot id = 8922360706)
ERROR:aiogram.dispatcher:Failed to fetch updates - TelegramNetworkError: HTTP Client says - ClientConnectorCertificateError: Cannot connect to host api.telegram.org:443 ssl:True [SSLCertVerificationError: (1, "[SSL: CERTIFICATE_VERIFY_FAILED] certificate verify failed: Hostname mismatch, certificate is not valid for 'api.telegram.org'. (_ssl.c:1081)")]
WARNING:aiogram.dispatcher:Sleep for 5.039700 seconds and try again... (tryings = 119, bot id = 8922360706)
ERROR:aiogram.dispatcher:Failed to fetch updates - TelegramNetworkError: HTTP Client says - ClientConnectorError: Cannot connect to host api.telegram.org:443 ssl:default [None]
WARNING:aiogram.dispatcher:Sleep for 4.965125 seconds and try again... (tryings = 120, bot id = 8922360706)
ERROR:aiogram.dispatcher:Failed to fetch updates - TelegramNetworkError: HTTP Client says - ClientConnectorError: Cannot connect to host api.telegram.org:443 ssl:default [None]
WARNING:aiogram.dispatcher:Sleep for 5.049982 seconds and try again... (tryings = 121, bot id = 8922360706)
ERROR:aiogram.dispatcher:Failed to fetch updates - TelegramNetworkError: HTTP Client says - ClientConnectorError: Cannot connect to host api.telegram.org:443 ssl:default [None]
WARNING:aiogram.dispatcher:Sleep for 4.820306 seconds and try again... (tryings = 122, bot id = 8922360706)
ERROR:aiogram.dispatcher:Failed to fetch updates - TelegramNetworkError: HTTP Client says - ClientConnectorCertificateError: Cannot connect to host api.telegram.org:443 ssl:True [SSLCertVerificationError: (1, "[SSL: CERTIFICATE_VERIFY_FAILED] certificate verify failed: Hostname mismatch, certificate is not valid for 'api.telegram.org'. (_ssl.c:1081)")]
WARNING:aiogram.dispatcher:Sleep for 5.045798 seconds and try again... (tryings = 123, bot id = 8922360706)
ERROR:aiogram.dispatcher:Failed to fetch updates - TelegramNetworkError: HTTP Client says - ClientConnectorCertificateError: Cannot connect to host api.telegram.org:443 ssl:True [SSLCertVerificationError: (1, "[SSL: CERTIFICATE_VERIFY_FAILED] certificate verify failed: Hostname mismatch, certificate is not valid for 'api.telegram.org'. (_ssl.c:1081)")]
WARNING:aiogram.dispatcher:Sleep for 4.903861 seconds and try again... (tryings = 124, bot id = 8922360706)
ERROR:aiogram.dispatcher:Failed to fetch updates - TelegramNetworkError: HTTP Client says - ClientConnectorCertificateError: Cannot connect to host api.telegram.org:443 ssl:True [SSLCertVerificationError: (1, "[SSL: CERTIFICATE_VERIFY_FAILED] certificate verify failed: Hostname mismatch, certificate is not valid for 'api.telegram.org'. (_ssl.c:1081)")]
WARNING:aiogram.dispatcher:Sleep for 5.028566 seconds and try again... (tryings = 125, bot id = 8922360706)
ERROR:aiogram.dispatcher:Failed to fetch updates - TelegramNetworkError: HTTP Client says - ClientConnectorCertificateError: Cannot connect to host api.telegram.org:443 ssl:True [SSLCertVerificationError: (1, "[SSL: CERTIFICATE_VERIFY_FAILED] certificate verify failed: Hostname mismatch, certificate is not valid for 'api.telegram.org'. (_ssl.c:1081)")]
WARNING:aiogram.dispatcher:Sleep for 5.005258 seconds and try again... (tryings = 126, bot id = 8922360706)
ERROR:aiogram.dispatcher:Failed to fetch updates - TelegramNetworkError: HTTP Client says - ClientConnectorCertificateError: Cannot connect to host api.telegram.org:443 ssl:True [SSLCertVerificationError: (1, "[SSL: CERTIFICATE_VERIFY_FAILED] certificate verify failed: Hostname mismatch, certificate is not valid for 'api.telegram.org'. (_ssl.c:1081)")]
WARNING:aiogram.dispatcher:Sleep for 4.929582 seconds and try again... (tryings = 127, bot id = 8922360706)
ERROR:aiogram.dispatcher:Failed to fetch updates - TelegramNetworkError: HTTP Client says - ClientConnectorCertificateError: Cannot connect to host api.telegram.org:443 ssl:True [SSLCertVerificationError: (1, "[SSL: CERTIFICATE_VERIFY_FAILED] certificate verify failed: Hostname mismatch, certificate is not valid for 'api.telegram.org'. (_ssl.c:1081)")]
WARNING:aiogram.dispatcher:Sleep for 5.021302 seconds and try again... (tryings = 128, bot id = 8922360706)
ERROR:aiogram.dispatcher:Failed to fetch updates - TelegramNetworkError: HTTP Client says - ClientConnectorError: Cannot connect to host api.telegram.org:443 ssl:default [None]
WARNING:aiogram.dispatcher:Sleep for 5.075247 seconds and try again... (tryings = 129, bot id = 8922360706)
ERROR:aiogram.dispatcher:Failed to fetch updates - TelegramNetworkError: HTTP Client says - ClientConnectorError: Cannot connect to host api.telegram.org:443 ssl:default [None]
WARNING:aiogram.dispatcher:Sleep for 5.054777 seconds and try again... (tryings = 130, bot id = 8922360706)
ERROR:aiogram.dispatcher:Failed to fetch updates - TelegramNetworkError: HTTP Client says - ClientConnectorError: Cannot connect to host api.telegram.org:443 ssl:default [None]
WARNING:aiogram.dispatcher:Sleep for 4.954070 seconds and try again... (tryings = 131, bot id = 8922360706)
ERROR:aiogram.dispatcher:Failed to fetch updates - TelegramNetworkError: HTTP Client says - ClientConnectorError: Cannot connect to host api.telegram.org:443 ssl:default [None]
WARNING:aiogram.dispatcher:Sleep for 5.159899 seconds and try again... (tryings = 132, bot id = 8922360706)
ERROR:aiogram.dispatcher:Failed to fetch updates - TelegramNetworkError: HTTP Client says - ClientConnectorError: Cannot connect to host api.telegram.org:443 ssl:default [None]
WARNING:aiogram.dispatcher:Sleep for 4.973945 seconds and try again... (tryings = 133, bot id = 8922360706)
ERROR:aiogram.dispatcher:Failed to fetch updates - TelegramNetworkError: HTTP Client says - ClientConnectorError: Cannot connect to host api.telegram.org:443 ssl:default [None]
WARNING:aiogram.dispatcher:Sleep for 5.217885 seconds and try again... (tryings = 134, bot id = 8922360706)
ERROR:aiogram.dispatcher:Failed to fetch updates - TelegramNetworkError: HTTP Client says - ClientConnectorError: Cannot connect to host api.telegram.org:443 ssl:default [None]
WARNING:aiogram.dispatcher:Sleep for 4.936647 seconds and try again... (tryings = 135, bot id = 8922360706)
ERROR:aiogram.dispatcher:Failed to fetch updates - TelegramNetworkError: HTTP Client says - ClientConnectorError: Cannot connect to host api.telegram.org:443 ssl:default [None]
WARNING:aiogram.dispatcher:Sleep for 4.924926 seconds and try again... (tryings = 136, bot id = 8922360706)
ERROR:aiogram.dispatcher:Failed to fetch updates - TelegramNetworkError: HTTP Client says - ClientConnectorError: Cannot connect to host api.telegram.org:443 ssl:default [None]
WARNING:aiogram.dispatcher:Sleep for 4.995956 seconds and try again... (tryings = 137, bot id = 8922360706)
ERROR:aiogram.dispatcher:Failed to fetch updates - TelegramNetworkError: HTTP Client says - ClientConnectorError: Cannot connect to host api.telegram.org:443 ssl:default [None]
WARNING:aiogram.dispatcher:Sleep for 4.966341 seconds and try again... (tryings = 138, bot id = 8922360706)
ERROR:aiogram.dispatcher:Failed to fetch updates - TelegramNetworkError: HTTP Client says - ClientConnectorError: Cannot connect to host api.telegram.org:443 ssl:default [None]
WARNING:aiogram.dispatcher:Sleep for 4.984318 seconds and try again... (tryings = 139, bot id = 8922360706)
ERROR:aiogram.dispatcher:Failed to fetch updates - TelegramNetworkError: HTTP Client says - ClientConnectorError: Cannot connect to host api.telegram.org:443 ssl:default [None]
WARNING:aiogram.dispatcher:Sleep for 5.036885 seconds and try again... (tryings = 140, bot id = 8922360706)
ERROR:aiogram.dispatcher:Failed to fetch updates - TelegramNetworkError: HTTP Client says - ClientConnectorError: Cannot connect to host api.telegram.org:443 ssl:default [None]
WARNING:aiogram.dispatcher:Sleep for 4.971795 seconds and try again... (tryings = 141, bot id = 8922360706)
INFO:aiogram.dispatcher:Connection established (tryings = 142, bot id = 8922360706)
ERROR:aiogram.dispatcher:Failed to fetch updates - TelegramNetworkError: HTTP Client says - Request timeout error
WARNING:aiogram.dispatcher:Sleep for 1.000000 seconds and try again... (tryings = 0, bot id = 8922360706)
ERROR:aiogram.dispatcher:Failed to fetch updates - TelegramNetworkError: HTTP Client says - Request timeout error
WARNING:aiogram.dispatcher:Sleep for 1.317168 seconds and try again... (tryings = 1, bot id = 8922360706)
ERROR:aiogram.dispatcher:Failed to fetch updates - TelegramNetworkError: HTTP Client says - Request timeout error
WARNING:aiogram.dispatcher:Sleep for 1.549043 seconds and try again... (tryings = 2, bot id = 8922360706)
ERROR:aiogram.dispatcher:Failed to fetch updates - TelegramNetworkError: HTTP Client says - Request timeout error
WARNING:aiogram.dispatcher:Sleep for 1.991908 seconds and try again... (tryings = 3, bot id = 8922360706)
ERROR:aiogram.dispatcher:Failed to fetch updates - TelegramNetworkError: HTTP Client says - ClientConnectorError: Cannot connect to host api.telegram.org:443 ssl:default [Network is unreachable]
WARNING:aiogram.dispatcher:Sleep for 2.807486 seconds and try again... (tryings = 4, bot id = 8922360706)
ERROR:aiogram.dispatcher:Failed to fetch updates - TelegramNetworkError: HTTP Client says - ClientConnectorError: Cannot connect to host api.telegram.org:443 ssl:default [Network is unreachable]
WARNING:aiogram.dispatcher:Sleep for 3.589757 seconds and try again... (tryings = 5, bot id = 8922360706)
ERROR:aiogram.dispatcher:Failed to fetch updates - TelegramNetworkError: HTTP Client says - ClientConnectorError: Cannot connect to host api.telegram.org:443 ssl:default [Network is unreachable]
WARNING:aiogram.dispatcher:Sleep for 4.762065 seconds and try again... (tryings = 6, bot id = 8922360706)
ERROR:aiogram.dispatcher:Failed to fetch updates - TelegramNetworkError: HTTP Client says - ClientConnectorError: Cannot connect to host api.telegram.org:443 ssl:default [Network is unreachable]
WARNING:aiogram.dispatcher:Sleep for 5.031373 seconds and try again... (tryings = 7, bot id = 8922360706)
ERROR:aiogram.dispatcher:Failed to fetch updates - TelegramNetworkError: HTTP Client says - ClientConnectorError: Cannot connect to host api.telegram.org:443 ssl:default [Network is unreachable]
WARNING:aiogram.dispatcher:Sleep for 5.058835 seconds and try again... (tryings = 8, bot id = 8922360706)
ERROR:aiogram.dispatcher:Failed to fetch updates - TelegramNetworkError: HTTP Client says - ClientConnectorError: Cannot connect to host api.telegram.org:443 ssl:default [Network is unreachable]
WARNING:aiogram.dispatcher:Sleep for 4.978537 seconds and try again... (tryings = 9, bot id = 8922360706)
ERROR:aiogram.dispatcher:Failed to fetch updates - TelegramNetworkError: HTTP Client says - Request timeout error
WARNING:aiogram.dispatcher:Sleep for 4.960873 seconds and try again... (tryings = 10, bot id = 8922360706)
ERROR:aiogram.dispatcher:Failed to fetch updates - TelegramNetworkError: HTTP Client says - Request timeout error
WARNING:aiogram.dispatcher:Sleep for 5.083733 seconds and try again... (tryings = 11, bot id = 8922360706)
ERROR:aiogram.dispatcher:Failed to fetch updates - TelegramNetworkError: HTTP Client says - Request timeout error
WARNING:aiogram.dispatcher:Sleep for 5.013812 seconds and try again... (tryings = 12, bot id = 8922360706)
ERROR:aiogram.dispatcher:Failed to fetch updates - TelegramNetworkError: HTTP Client says - Request timeout error
WARNING:aiogram.dispatcher:Sleep for 4.914347 seconds and try again... (tryings = 13, bot id = 8922360706)
ERROR:aiogram.dispatcher:Failed to fetch updates - TelegramNetworkError: HTTP Client says - Request timeout error
WARNING:aiogram.dispatcher:Sleep for 4.881560 seconds and try again... (tryings = 14, bot id = 8922360706)
ERROR:aiogram.dispatcher:Failed to fetch updates - TelegramNetworkError: HTTP Client says - Request timeout error
WARNING:aiogram.dispatcher:Sleep for 4.988614 seconds and try again... (tryings = 15, bot id = 8922360706)
ERROR:aiogram.dispatcher:Failed to fetch updates - TelegramNetworkError: HTTP Client says - Request timeout error
WARNING:aiogram.dispatcher:Sleep for 5.051118 seconds and try again... (tryings = 16, bot id = 8922360706)
ERROR:aiogram.dispatcher:Failed to fetch updates - TelegramNetworkError: HTTP Client says - Request timeout error
WARNING:aiogram.dispatcher:Sleep for 4.991180 seconds and try again... (tryings = 17, bot id = 8922360706)
ERROR:aiogram.dispatcher:Failed to fetch updates - TelegramNetworkError: HTTP Client says - Request timeout error
WARNING:aiogram.dispatcher:Sleep for 5.107402 seconds and try again... (tryings = 18, bot id = 8922360706)
ERROR:aiogram.dispatcher:Failed to fetch updates - TelegramNetworkError: HTTP Client says - Request timeout error
WARNING:aiogram.dispatcher:Sleep for 4.958322 seconds and try again... (tryings = 19, bot id = 8922360706)
ERROR:aiogram.dispatcher:Failed to fetch updates - TelegramNetworkError: HTTP Client says - ClientConnectorError: Cannot connect to host api.telegram.org:443 ssl:default [Connect call failed ('149.154.166.110', 443)]
WARNING:aiogram.dispatcher:Sleep for 4.782430 seconds and try again... (tryings = 20, bot id = 8922360706)
ERROR:aiogram.dispatcher:Failed to fetch updates - TelegramNetworkError: HTTP Client says - ClientConnectorError: Cannot connect to host api.telegram.org:443 ssl:default [Connect call failed ('149.154.166.110', 443)]
WARNING:aiogram.dispatcher:Sleep for 4.974138 seconds and try again... (tryings = 21, bot id = 8922360706)
ERROR:aiogram.dispatcher:Failed to fetch updates - TelegramNetworkError: HTTP Client says - Request timeout error
WARNING:aiogram.dispatcher:Sleep for 5.127561 seconds and try again... (tryings = 22, bot id = 8922360706)
ERROR:aiogram.dispatcher:Failed to fetch updates - TelegramNetworkError: HTTP Client says - ClientConnectorError: Cannot connect to host api.telegram.org:443 ssl:default [Connect call failed ('149.154.166.110', 443)]
WARNING:aiogram.dispatcher:Sleep for 4.805916 seconds and try again... (tryings = 23, bot id = 8922360706)
ERROR:aiogram.dispatcher:Failed to fetch updates - TelegramNetworkError: HTTP Client says - ClientConnectorError: Cannot connect to host api.telegram.org:443 ssl:default [Network is unreachable]
WARNING:aiogram.dispatcher:Sleep for 4.754799 seconds and try again... (tryings = 24, bot id = 8922360706)
ERROR:aiogram.dispatcher:Failed to fetch updates - TelegramNetworkError: HTTP Client says - ClientConnectorError: Cannot connect to host api.telegram.org:443 ssl:default [Network is unreachable]
WARNING:aiogram.dispatcher:Sleep for 5.172069 seconds and try again... (tryings = 25, bot id = 8922360706)
ERROR:aiogram.dispatcher:Failed to fetch updates - TelegramNetworkError: HTTP Client says - ClientConnectorError: Cannot connect to host api.telegram.org:443 ssl:default [Network is unreachable]
WARNING:aiogram.dispatcher:Sleep for 4.973553 seconds and try again... (tryings = 26, bot id = 8922360706)
ERROR:aiogram.dispatcher:Failed to fetch updates - TelegramNetworkError: HTTP Client says - ClientConnectorError: Cannot connect to host api.telegram.org:443 ssl:default [Network is unreachable]
WARNING:aiogram.dispatcher:Sleep for 5.003163 seconds and try again... (tryings = 27, bot id = 8922360706)
ERROR:aiogram.dispatcher:Failed to fetch updates - TelegramNetworkError: HTTP Client says - ClientConnectorError: Cannot connect to host api.telegram.org:443 ssl:default [Network is unreachable]
WARNING:aiogram.dispatcher:Sleep for 4.996274 seconds and try again... (tryings = 28, bot id = 8922360706)
ERROR:aiogram.dispatcher:Failed to fetch updates - TelegramNetworkError: HTTP Client says - ClientConnectorError: Cannot connect to host api.telegram.org:443 ssl:default [Network is unreachable]
WARNING:aiogram.dispatcher:Sleep for 5.017592 seconds and try again... (tryings = 29, bot id = 8922360706)
ERROR:aiogram.dispatcher:Failed to fetch updates - TelegramNetworkError: HTTP Client says - ClientConnectorError: Cannot connect to host api.telegram.org:443 ssl:default [Network is unreachable]
WARNING:aiogram.dispatcher:Sleep for 4.938690 seconds and try again... (tryings = 30, bot id = 8922360706)
ERROR:aiogram.dispatcher:Failed to fetch updates - TelegramNetworkError: HTTP Client says - ClientConnectorError: Cannot connect to host api.telegram.org:443 ssl:default [Network is unreachable]
WARNING:aiogram.dispatcher:Sleep for 4.970063 seconds and try again... (tryings = 31, bot id = 8922360706)
ERROR:aiogram.dispatcher:Failed to fetch updates - TelegramNetworkError: HTTP Client says - ClientConnectorError: Cannot connect to host api.telegram.org:443 ssl:default [Network is unreachable]
WARNING:aiogram.dispatcher:Sleep for 5.064564 seconds and try again... (tryings = 32, bot id = 8922360706)
ERROR:aiogram.dispatcher:Failed to fetch updates - TelegramNetworkError: HTTP Client says - ClientConnectorError: Cannot connect to host api.telegram.org:443 ssl:default [Network is unreachable]
WARNING:aiogram.dispatcher:Sleep for 4.937474 seconds and try again... (tryings = 33, bot id = 8922360706)
ERROR:aiogram.dispatcher:Failed to fetch updates - TelegramNetworkError: HTTP Client says - ClientConnectorError: Cannot connect to host api.telegram.org:443 ssl:default [Network is unreachable]
WARNING:aiogram.dispatcher:Sleep for 4.741429 seconds and try again... (tryings = 34, bot id = 8922360706)
ERROR:aiogram.dispatcher:Failed to fetch updates - TelegramNetworkError: HTTP Client says - ClientConnectorError: Cannot connect to host api.telegram.org:443 ssl:default [Network is unreachable]
WARNING:aiogram.dispatcher:Sleep for 4.877442 seconds and try again... (tryings = 35, bot id = 8922360706)
ERROR:aiogram.dispatcher:Failed to fetch updates - TelegramNetworkError: HTTP Client says - ClientConnectorError: Cannot connect to host api.telegram.org:443 ssl:default [Network is unreachable]
WARNING:aiogram.dispatcher:Sleep for 4.904152 seconds and try again... (tryings = 36, bot id = 8922360706)
ERROR:aiogram.dispatcher:Failed to fetch updates - TelegramNetworkError: HTTP Client says - ClientConnectorError: Cannot connect to host api.telegram.org:443 ssl:default [Network is unreachable]
WARNING:aiogram.dispatcher:Sleep for 4.931807 seconds and try again... (tryings = 37, bot id = 8922360706)
ERROR:aiogram.dispatcher:Failed to fetch updates - TelegramNetworkError: HTTP Client says - ClientConnectorError: Cannot connect to host api.telegram.org:443 ssl:default [Network is unreachable]
WARNING:aiogram.dispatcher:Sleep for 5.020132 seconds and try again... (tryings = 38, bot id = 8922360706)
ERROR:aiogram.dispatcher:Failed to fetch updates - TelegramNetworkError: HTTP Client says - ClientConnectorError: Cannot connect to host api.telegram.org:443 ssl:default [Network is unreachable]
WARNING:aiogram.dispatcher:Sleep for 5.125900 seconds and try again... (tryings = 39, bot id = 8922360706)
ERROR:aiogram.dispatcher:Failed to fetch updates - TelegramNetworkError: HTTP Client says - ClientConnectorError: Cannot connect to host api.telegram.org:443 ssl:default [Network is unreachable]
WARNING:aiogram.dispatcher:Sleep for 4.989661 seconds and try again... (tryings = 40, bot id = 8922360706)
ERROR:aiogram.dispatcher:Failed to fetch updates - TelegramNetworkError: HTTP Client says - ClientConnectorError: Cannot connect to host api.telegram.org:443 ssl:default [Network is unreachable]
WARNING:aiogram.dispatcher:Sleep for 4.920802 seconds and try again... (tryings = 41, bot id = 8922360706)
ERROR:aiogram.dispatcher:Failed to fetch updates - TelegramNetworkError: HTTP Client says - ClientConnectorError: Cannot connect to host api.telegram.org:443 ssl:default [Network is unreachable]
WARNING:aiogram.dispatcher:Sleep for 4.793251 seconds and try again... (tryings = 42, bot id = 8922360706)
ERROR:aiogram.dispatcher:Failed to fetch updates - TelegramNetworkError: HTTP Client says - ClientConnectorError: Cannot connect to host api.telegram.org:443 ssl:default [Network is unreachable]
WARNING:aiogram.dispatcher:Sleep for 5.032984 seconds and try again... (tryings = 43, bot id = 8922360706)
ERROR:aiogram.dispatcher:Failed to fetch updates - TelegramNetworkError: HTTP Client says - ClientConnectorError: Cannot connect to host api.telegram.org:443 ssl:default [Network is unreachable]
WARNING:aiogram.dispatcher:Sleep for 4.931934 seconds and try again... (tryings = 44, bot id = 8922360706)
ERROR:aiogram.dispatcher:Failed to fetch updates - TelegramNetworkError: HTTP Client says - ClientConnectorError: Cannot connect to host api.telegram.org:443 ssl:default [Network is unreachable]
WARNING:aiogram.dispatcher:Sleep for 5.047080 seconds and try again... (tryings = 45, bot id = 8922360706)
ERROR:aiogram.dispatcher:Failed to fetch updates - TelegramNetworkError: HTTP Client says - ClientConnectorError: Cannot connect to host api.telegram.org:443 ssl:default [Network is unreachable]
WARNING:aiogram.dispatcher:Sleep for 5.044971 seconds and try again... (tryings = 46, bot id = 8922360706)
ERROR:aiogram.dispatcher:Failed to fetch updates - TelegramNetworkError: HTTP Client says - ClientConnectorError: Cannot connect to host api.telegram.org:443 ssl:default [Network is unreachable]
WARNING:aiogram.dispatcher:Sleep for 4.953826 seconds and try again... (tryings = 47, bot id = 8922360706)
ERROR:aiogram.dispatcher:Failed to fetch updates - TelegramNetworkError: HTTP Client says - ClientConnectorError: Cannot connect to host api.telegram.org:443 ssl:default [Network is unreachable]
WARNING:aiogram.dispatcher:Sleep for 4.994026 seconds and try again... (tryings = 48, bot id = 8922360706)
ERROR:aiogram.dispatcher:Failed to fetch updates - TelegramNetworkError: HTTP Client says - ClientConnectorError: Cannot connect to host api.telegram.org:443 ssl:default [Network is unreachable]
WARNING:aiogram.dispatcher:Sleep for 4.986012 seconds and try again... (tryings = 49, bot id = 8922360706)
ERROR:aiogram.dispatcher:Failed to fetch updates - TelegramNetworkError: HTTP Client says - ClientConnectorError: Cannot connect to host api.telegram.org:443 ssl:default [Network is unreachable]
WARNING:aiogram.dispatcher:Sleep for 4.967616 seconds and try again... (tryings = 50, bot id = 8922360706)
ERROR:aiogram.dispatcher:Failed to fetch updates - TelegramNetworkError: HTTP Client says - ClientConnectorError: Cannot connect to host api.telegram.org:443 ssl:default [Network is unreachable]
WARNING:aiogram.dispatcher:Sleep for 4.916281 seconds and try again... (tryings = 51, bot id = 8922360706)
ERROR:aiogram.dispatcher:Failed to fetch updates - TelegramNetworkError: HTTP Client says - ClientConnectorError: Cannot connect to host api.telegram.org:443 ssl:default [Network is unreachable]
WARNING:aiogram.dispatcher:Sleep for 4.947622 seconds and try again... (tryings = 52, bot id = 8922360706)
ERROR:aiogram.dispatcher:Failed to fetch updates - TelegramNetworkError: HTTP Client says - ClientConnectorError: Cannot connect to host api.telegram.org:443 ssl:default [Network is unreachable]
WARNING:aiogram.dispatcher:Sleep for 4.977746 seconds and try again... (tryings = 53, bot id = 8922360706)
ERROR:aiogram.dispatcher:Failed to fetch updates - TelegramNetworkError: HTTP Client says - ClientConnectorError: Cannot connect to host api.telegram.org:443 ssl:default [Network is unreachable]
WARNING:aiogram.dispatcher:Sleep for 4.897691 seconds and try again... (tryings = 54, bot id = 8922360706)
ERROR:aiogram.dispatcher:Failed to fetch updates - TelegramNetworkError: HTTP Client says - ClientConnectorError: Cannot connect to host api.telegram.org:443 ssl:default [Network is unreachable]
WARNING:aiogram.dispatcher:Sleep for 4.920547 seconds and try again... (tryings = 55, bot id = 8922360706)
ERROR:aiogram.dispatcher:Failed to fetch updates - TelegramNetworkError: HTTP Client says - ClientConnectorError: Cannot connect to host api.telegram.org:443 ssl:default [Network is unreachable]
WARNING:aiogram.dispatcher:Sleep for 4.946345 seconds and try again... (tryings = 56, bot id = 8922360706)
ERROR:aiogram.dispatcher:Failed to fetch updates - TelegramNetworkError: HTTP Client says - ClientConnectorError: Cannot connect to host api.telegram.org:443 ssl:default [Network is unreachable]
WARNING:aiogram.dispatcher:Sleep for 4.951964 seconds and try again... (tryings = 57, bot id = 8922360706)
ERROR:aiogram.dispatcher:Failed to fetch updates - TelegramNetworkError: HTTP Client says - ClientConnectorError: Cannot connect to host api.telegram.org:443 ssl:default [Network is unreachable]
WARNING:aiogram.dispatcher:Sleep for 4.823201 seconds and try again... (tryings = 58, bot id = 8922360706)
ERROR:aiogram.dispatcher:Failed to fetch updates - TelegramNetworkError: HTTP Client says - ClientConnectorError: Cannot connect to host api.telegram.org:443 ssl:default [Network is unreachable]
WARNING:aiogram.dispatcher:Sleep for 5.164301 seconds and try again... (tryings = 59, bot id = 8922360706)
ERROR:aiogram.dispatcher:Failed to fetch updates - TelegramNetworkError: HTTP Client says - ClientConnectorError: Cannot connect to host api.telegram.org:443 ssl:default [Network is unreachable]
WARNING:aiogram.dispatcher:Sleep for 4.896600 seconds and try again... (tryings = 60, bot id = 8922360706)
ERROR:aiogram.dispatcher:Failed to fetch updates - TelegramNetworkError: HTTP Client says - ClientConnectorError: Cannot connect to host api.telegram.org:443 ssl:default [Network is unreachable]
WARNING:aiogram.dispatcher:Sleep for 5.108389 seconds and try again... (tryings = 61, bot id = 8922360706)
ERROR:aiogram.dispatcher:Failed to fetch updates - TelegramNetworkError: HTTP Client says - ClientConnectorError: Cannot connect to host api.telegram.org:443 ssl:default [Network is unreachable]
WARNING:aiogram.dispatcher:Sleep for 4.977073 seconds and try again... (tryings = 62, bot id = 8922360706)
ERROR:aiogram.dispatcher:Failed to fetch updates - TelegramNetworkError: HTTP Client says - ClientConnectorError: Cannot connect to host api.telegram.org:443 ssl:default [Network is unreachable]
WARNING:aiogram.dispatcher:Sleep for 5.052191 seconds and try again... (tryings = 63, bot id = 8922360706)
ERROR:aiogram.dispatcher:Failed to fetch updates - TelegramNetworkError: HTTP Client says - ClientConnectorError: Cannot connect to host api.telegram.org:443 ssl:default [Network is unreachable]
WARNING:aiogram.dispatcher:Sleep for 4.955756 seconds and try again... (tryings = 64, bot id = 8922360706)
ERROR:aiogram.dispatcher:Failed to fetch updates - TelegramNetworkError: HTTP Client says - ClientConnectorError: Cannot connect to host api.telegram.org:443 ssl:default [Network is unreachable]
WARNING:aiogram.dispatcher:Sleep for 4.878798 seconds and try again... (tryings = 65, bot id = 8922360706)
ERROR:aiogram.dispatcher:Failed to fetch updates - TelegramNetworkError: HTTP Client says - ClientConnectorError: Cannot connect to host api.telegram.org:443 ssl:default [Network is unreachable]
WARNING:aiogram.dispatcher:Sleep for 5.179040 seconds and try again... (tryings = 66, bot id = 8922360706)
ERROR:aiogram.dispatcher:Failed to fetch updates - TelegramNetworkError: HTTP Client says - Request timeout error
WARNING:aiogram.dispatcher:Sleep for 5.134973 seconds and try again... (tryings = 67, bot id = 8922360706)
ERROR:aiogram.dispatcher:Failed to fetch updates - TelegramNetworkError: HTTP Client says - ClientConnectorError: Cannot connect to host api.telegram.org:443 ssl:default [Connect call failed ('149.154.166.110', 443)]
WARNING:aiogram.dispatcher:Sleep for 4.808716 seconds and try again... (tryings = 68, bot id = 8922360706)
ERROR:aiogram.dispatcher:Failed to fetch updates - TelegramNetworkError: HTTP Client says - Request timeout error
WARNING:aiogram.dispatcher:Sleep for 5.124273 seconds and try again... (tryings = 69, bot id = 8922360706)
ERROR:aiogram.dispatcher:Failed to fetch updates - TelegramNetworkError: HTTP Client says - Request timeout error
WARNING:aiogram.dispatcher:Sleep for 5.005242 seconds and try again... (tryings = 70, bot id = 8922360706)
ERROR:aiogram.dispatcher:Failed to fetch updates - TelegramNetworkError: HTTP Client says - ClientConnectorError: Cannot connect to host api.telegram.org:443 ssl:default [Connect call failed ('149.154.166.110', 443)]
WARNING:aiogram.dispatcher:Sleep for 4.957383 seconds and try again... (tryings = 71, bot id = 8922360706)
ERROR:aiogram.dispatcher:Failed to fetch updates - TelegramNetworkError: HTTP Client says - Request timeout error
WARNING:aiogram.dispatcher:Sleep for 5.115472 seconds and try again... (tryings = 72, bot id = 8922360706)
ERROR:aiogram.dispatcher:Failed to fetch updates - TelegramNetworkError: HTTP Client says - Request timeout error
WARNING:aiogram.dispatcher:Sleep for 5.058641 seconds and try again... (tryings = 73, bot id = 8922360706)
ERROR:aiogram.dispatcher:Failed to fetch updates - TelegramNetworkError: HTTP Client says - Request timeout error
WARNING:aiogram.dispatcher:Sleep for 5.007511 seconds and try again... (tryings = 74, bot id = 8922360706)
ERROR:aiogram.dispatcher:Failed to fetch updates - TelegramNetworkError: HTTP Client says - Request timeout error
WARNING:aiogram.dispatcher:Sleep for 4.986970 seconds and try again... (tryings = 75, bot id = 8922360706)
ERROR:aiogram.dispatcher:Failed to fetch updates - TelegramNetworkError: HTTP Client says - Request timeout error
WARNING:aiogram.dispatcher:Sleep for 4.794231 seconds and try again... (tryings = 76, bot id = 8922360706)
ERROR:aiogram.dispatcher:Failed to fetch updates - TelegramNetworkError: HTTP Client says - Request timeout error
WARNING:aiogram.dispatcher:Sleep for 4.972983 seconds and try again... (tryings = 77, bot id = 8922360706)
ERROR:aiogram.dispatcher:Failed to fetch updates - TelegramNetworkError: HTTP Client says - Request timeout error
WARNING:aiogram.dispatcher:Sleep for 5.104916 seconds and try again... (tryings = 78, bot id = 8922360706)
ERROR:aiogram.dispatcher:Failed to fetch updates - TelegramNetworkError: HTTP Client says - Request timeout error
WARNING:aiogram.dispatcher:Sleep for 4.920677 seconds and try again... (tryings = 79, bot id = 8922360706)
ERROR:aiogram.dispatcher:Failed to fetch updates - TelegramNetworkError: HTTP Client says - Request timeout error
WARNING:aiogram.dispatcher:Sleep for 4.970659 seconds and try again... (tryings = 80, bot id = 8922360706)
ERROR:aiogram.dispatcher:Failed to fetch updates - TelegramNetworkError: HTTP Client says - Request timeout error
WARNING:aiogram.dispatcher:Sleep for 5.023140 seconds and try again... (tryings = 81, bot id = 8922360706)
ERROR:aiogram.dispatcher:Failed to fetch updates - TelegramNetworkError: HTTP Client says - Request timeout error
WARNING:aiogram.dispatcher:Sleep for 4.851473 seconds and try again... (tryings = 82, bot id = 8922360706)
ERROR:aiogram.dispatcher:Failed to fetch updates - TelegramNetworkError: HTTP Client says - Request timeout error
WARNING:aiogram.dispatcher:Sleep for 4.948599 seconds and try again... (tryings = 83, bot id = 8922360706)
ERROR:aiogram.dispatcher:Failed to fetch updates - TelegramNetworkError: HTTP Client says - Request timeout error
WARNING:aiogram.dispatcher:Sleep for 4.921543 seconds and try again... (tryings = 84, bot id = 8922360706)
ERROR:aiogram.dispatcher:Failed to fetch updates - TelegramNetworkError: HTTP Client says - Request timeout error
WARNING:aiogram.dispatcher:Sleep for 4.843811 seconds and try again... (tryings = 85, bot id = 8922360706)
ERROR:aiogram.dispatcher:Failed to fetch updates - TelegramNetworkError: HTTP Client says - Request timeout error
WARNING:aiogram.dispatcher:Sleep for 5.063952 seconds and try again... (tryings = 86, bot id = 8922360706)
ERROR:aiogram.dispatcher:Failed to fetch updates - TelegramNetworkError: HTTP Client says - Request timeout error
WARNING:aiogram.dispatcher:Sleep for 5.031584 seconds and try again... (tryings = 87, bot id = 8922360706)
ERROR:aiogram.dispatcher:Failed to fetch updates - TelegramNetworkError: HTTP Client says - Request timeout error
WARNING:aiogram.dispatcher:Sleep for 5.076222 seconds and try again... (tryings = 88, bot id = 8922360706)
ERROR:aiogram.dispatcher:Failed to fetch updates - TelegramNetworkError: HTTP Client says - Request timeout error
WARNING:aiogram.dispatcher:Sleep for 4.912469 seconds and try again... (tryings = 89, bot id = 8922360706)
ERROR:aiogram.dispatcher:Failed to fetch updates - TelegramNetworkError: HTTP Client says - Request timeout error
WARNING:aiogram.dispatcher:Sleep for 4.942837 seconds and try again... (tryings = 90, bot id = 8922360706)
ERROR:aiogram.dispatcher:Failed to fetch updates - TelegramNetworkError: HTTP Client says - Request timeout error
WARNING:aiogram.dispatcher:Sleep for 5.072583 seconds and try again... (tryings = 91, bot id = 8922360706)
ERROR:aiogram.dispatcher:Failed to fetch updates - TelegramNetworkError: HTTP Client says - Request timeout error
WARNING:aiogram.dispatcher:Sleep for 4.981741 seconds and try again... (tryings = 92, bot id = 8922360706)
ERROR:aiogram.dispatcher:Failed to fetch updates - TelegramNetworkError: HTTP Client says - Request timeout error
WARNING:aiogram.dispatcher:Sleep for 5.007994 seconds and try again... (tryings = 93, bot id = 8922360706)
ERROR:aiogram.dispatcher:Failed to fetch updates - TelegramNetworkError: HTTP Client says - Request timeout error
WARNING:aiogram.dispatcher:Sleep for 4.937268 seconds and try again... (tryings = 94, bot id = 8922360706)
ERROR:aiogram.dispatcher:Failed to fetch updates - TelegramNetworkError: HTTP Client says - Request timeout error
WARNING:aiogram.dispatcher:Sleep for 5.162680 seconds and try again... (tryings = 95, bot id = 8922360706)
ERROR:aiogram.dispatcher:Failed to fetch updates - TelegramNetworkError: HTTP Client says - Request timeout error
WARNING:aiogram.dispatcher:Sleep for 5.090476 seconds and try again... (tryings = 96, bot id = 8922360706)
ERROR:aiogram.dispatcher:Failed to fetch updates - TelegramNetworkError: HTTP Client says - Request timeout error
WARNING:aiogram.dispatcher:Sleep for 5.054664 seconds and try again... (tryings = 97, bot id = 8922360706)
ERROR:aiogram.dispatcher:Failed to fetch updates - TelegramNetworkError: HTTP Client says - Request timeout error
WARNING:aiogram.dispatcher:Sleep for 4.881768 seconds and try again... (tryings = 98, bot id = 8922360706)
ERROR:aiogram.dispatcher:Failed to fetch updates - TelegramNetworkError: HTTP Client says - Request timeout error
WARNING:aiogram.dispatcher:Sleep for 5.012286 seconds and try again... (tryings = 99, bot id = 8922360706)
ERROR:aiogram.dispatcher:Failed to fetch updates - TelegramNetworkError: HTTP Client says - Request timeout error
WARNING:aiogram.dispatcher:Sleep for 4.843016 seconds and try again... (tryings = 100, bot id = 8922360706)
ERROR:aiogram.dispatcher:Failed to fetch updates - TelegramNetworkError: HTTP Client says - Request timeout error
WARNING:aiogram.dispatcher:Sleep for 5.001088 seconds and try again... (tryings = 101, bot id = 8922360706)
ERROR:aiogram.dispatcher:Failed to fetch updates - TelegramNetworkError: HTTP Client says - Request timeout error
WARNING:aiogram.dispatcher:Sleep for 5.177503 seconds and try again... (tryings = 102, bot id = 8922360706)
ERROR:aiogram.dispatcher:Failed to fetch updates - TelegramNetworkError: HTTP Client says - Request timeout error
WARNING:aiogram.dispatcher:Sleep for 5.259617 seconds and try again... (tryings = 103, bot id = 8922360706)
ERROR:aiogram.dispatcher:Failed to fetch updates - TelegramNetworkError: HTTP Client says - Request timeout error
WARNING:aiogram.dispatcher:Sleep for 4.892988 seconds and try again... (tryings = 104, bot id = 8922360706)
ERROR:aiogram.dispatcher:Failed to fetch updates - TelegramNetworkError: HTTP Client says - Request timeout error
WARNING:aiogram.dispatcher:Sleep for 4.976123 seconds and try again... (tryings = 105, bot id = 8922360706)
ERROR:aiogram.dispatcher:Failed to fetch updates - TelegramNetworkError: HTTP Client says - Request timeout error
WARNING:aiogram.dispatcher:Sleep for 5.022961 seconds and try again... (tryings = 106, bot id = 8922360706)
ERROR:aiogram.dispatcher:Failed to fetch updates - TelegramNetworkError: HTTP Client says - Request timeout error
WARNING:aiogram.dispatcher:Sleep for 4.800005 seconds and try again... (tryings = 107, bot id = 8922360706)
ERROR:aiogram.dispatcher:Failed to fetch updates - TelegramNetworkError: HTTP Client says - Request timeout error
WARNING:aiogram.dispatcher:Sleep for 4.939414 seconds and try again... (tryings = 108, bot id = 8922360706)
ERROR:aiogram.dispatcher:Failed to fetch updates - TelegramNetworkError: HTTP Client says - Request timeout error
WARNING:aiogram.dispatcher:Sleep for 5.063018 seconds and try again... (tryings = 109, bot id = 8922360706)
ERROR:aiogram.dispatcher:Failed to fetch updates - TelegramNetworkError: HTTP Client says - Request timeout error
WARNING:aiogram.dispatcher:Sleep for 4.982662 seconds and try again... (tryings = 110, bot id = 8922360706)
ERROR:aiogram.dispatcher:Failed to fetch updates - TelegramNetworkError: HTTP Client says - Request timeout error
WARNING:aiogram.dispatcher:Sleep for 5.163414 seconds and try again... (tryings = 111, bot id = 8922360706)
ERROR:aiogram.dispatcher:Failed to fetch updates - TelegramNetworkError: HTTP Client says - Request timeout error
WARNING:aiogram.dispatcher:Sleep for 4.906424 seconds and try again... (tryings = 112, bot id = 8922360706)
ERROR:aiogram.dispatcher:Failed to fetch updates - TelegramNetworkError: HTTP Client says - Request timeout error
WARNING:aiogram.dispatcher:Sleep for 4.863836 seconds and try again... (tryings = 113, bot id = 8922360706)
ERROR:aiogram.dispatcher:Failed to fetch updates - TelegramNetworkError: HTTP Client says - Request timeout error
WARNING:aiogram.dispatcher:Sleep for 5.128308 seconds and try again... (tryings = 114, bot id = 8922360706)
ERROR:aiogram.dispatcher:Failed to fetch updates - TelegramNetworkError: HTTP Client says - Request timeout error
WARNING:aiogram.dispatcher:Sleep for 4.855445 seconds and try again... (tryings = 115, bot id = 8922360706)
ERROR:aiogram.dispatcher:Failed to fetch updates - TelegramNetworkError: HTTP Client says - Request timeout error
WARNING:aiogram.dispatcher:Sleep for 4.933055 seconds and try again... (tryings = 116, bot id = 8922360706)
ERROR:aiogram.dispatcher:Failed to fetch updates - TelegramNetworkError: HTTP Client says - Request timeout error
WARNING:aiogram.dispatcher:Sleep for 5.050063 seconds and try again... (tryings = 117, bot id = 8922360706)
ERROR:aiogram.dispatcher:Failed to fetch updates - TelegramNetworkError: HTTP Client says - Request timeout error
WARNING:aiogram.dispatcher:Sleep for 5.124272 seconds and try again... (tryings = 118, bot id = 8922360706)
ERROR:aiogram.dispatcher:Failed to fetch updates - TelegramNetworkError: HTTP Client says - Request timeout error
WARNING:aiogram.dispatcher:Sleep for 4.956933 seconds and try again... (tryings = 119, bot id = 8922360706)
ERROR:aiogram.dispatcher:Failed to fetch updates - TelegramNetworkError: HTTP Client says - Request timeout error
WARNING:aiogram.dispatcher:Sleep for 5.209791 seconds and try again... (tryings = 120, bot id = 8922360706)
ERROR:aiogram.dispatcher:Failed to fetch updates - TelegramNetworkError: HTTP Client says - Request timeout error
WARNING:aiogram.dispatcher:Sleep for 5.098991 seconds and try again... (tryings = 121, bot id = 8922360706)
ERROR:aiogram.dispatcher:Failed to fetch updates - TelegramNetworkError: HTTP Client says - Request timeout error
WARNING:aiogram.dispatcher:Sleep for 5.008128 seconds and try again... (tryings = 122, bot id = 8922360706)
ERROR:aiogram.dispatcher:Failed to fetch updates - TelegramNetworkError: HTTP Client says - Request timeout error
WARNING:aiogram.dispatcher:Sleep for 4.837322 seconds and try again... (tryings = 123, bot id = 8922360706)
ERROR:aiogram.dispatcher:Failed to fetch updates - TelegramNetworkError: HTTP Client says - Request timeout error
WARNING:aiogram.dispatcher:Sleep for 4.960490 seconds and try again... (tryings = 124, bot id = 8922360706)
ERROR:aiogram.dispatcher:Failed to fetch updates - TelegramNetworkError: HTTP Client says - Request timeout error
WARNING:aiogram.dispatcher:Sleep for 4.932977 seconds and try again... (tryings = 125, bot id = 8922360706)
ERROR:aiogram.dispatcher:Failed to fetch updates - TelegramNetworkError: HTTP Client says - Request timeout error
WARNING:aiogram.dispatcher:Sleep for 5.086127 seconds and try again... (tryings = 126, bot id = 8922360706)
ERROR:aiogram.dispatcher:Failed to fetch updates - TelegramNetworkError: HTTP Client says - Request timeout error
WARNING:aiogram.dispatcher:Sleep for 5.157419 seconds and try again... (tryings = 127, bot id = 8922360706)
ERROR:aiogram.dispatcher:Failed to fetch updates - TelegramNetworkError: HTTP Client says - Request timeout error
WARNING:aiogram.dispatcher:Sleep for 5.072366 seconds and try again... (tryings = 128, bot id = 8922360706)
ERROR:aiogram.dispatcher:Failed to fetch updates - TelegramNetworkError: HTTP Client says - Request timeout error
WARNING:aiogram.dispatcher:Sleep for 4.960508 seconds and try again... (tryings = 129, bot id = 8922360706)
ERROR:aiogram.dispatcher:Failed to fetch updates - TelegramNetworkError: HTTP Client says - Request timeout error
WARNING:aiogram.dispatcher:Sleep for 5.006273 seconds and try again... (tryings = 130, bot id = 8922360706)
ERROR:aiogram.dispatcher:Failed to fetch updates - TelegramNetworkError: HTTP Client says - Request timeout error
WARNING:aiogram.dispatcher:Sleep for 4.874170 seconds and try again... (tryings = 131, bot id = 8922360706)
ERROR:aiogram.dispatcher:Failed to fetch updates - TelegramNetworkError: HTTP Client says - Request timeout error
WARNING:aiogram.dispatcher:Sleep for 4.973519 seconds and try again... (tryings = 132, bot id = 8922360706)
ERROR:aiogram.dispatcher:Failed to fetch updates - TelegramNetworkError: HTTP Client says - Request timeout error
WARNING:aiogram.dispatcher:Sleep for 5.059508 seconds and try again... (tryings = 133, bot id = 8922360706)
ERROR:aiogram.dispatcher:Failed to fetch updates - TelegramNetworkError: HTTP Client says - Request timeout error
WARNING:aiogram.dispatcher:Sleep for 4.977777 seconds and try again... (tryings = 134, bot id = 8922360706)
ERROR:aiogram.dispatcher:Failed to fetch updates - TelegramNetworkError: HTTP Client says - Request timeout error
WARNING:aiogram.dispatcher:Sleep for 4.873157 seconds and try again... (tryings = 135, bot id = 8922360706)
ERROR:aiogram.dispatcher:Failed to fetch updates - TelegramNetworkError: HTTP Client says - Request timeout error
WARNING:aiogram.dispatcher:Sleep for 5.102126 seconds and try again... (tryings = 136, bot id = 8922360706)
ERROR:aiogram.dispatcher:Failed to fetch updates - TelegramNetworkError: HTTP Client says - Request timeout error
WARNING:aiogram.dispatcher:Sleep for 5.026100 seconds and try again... (tryings = 137, bot id = 8922360706)
ERROR:aiogram.dispatcher:Failed to fetch updates - TelegramNetworkError: HTTP Client says - Request timeout error
WARNING:aiogram.dispatcher:Sleep for 4.885174 seconds and try again... (tryings = 138, bot id = 8922360706)
ERROR:aiogram.dispatcher:Failed to fetch updates - TelegramNetworkError: HTTP Client says - Request timeout error
WARNING:aiogram.dispatcher:Sleep for 4.995666 seconds and try again... (tryings = 139, bot id = 8922360706)
ERROR:aiogram.dispatcher:Failed to fetch updates - TelegramNetworkError: HTTP Client says - Request timeout error
WARNING:aiogram.dispatcher:Sleep for 4.985458 seconds and try again... (tryings = 140, bot id = 8922360706)
ERROR:aiogram.dispatcher:Failed to fetch updates - TelegramNetworkError: HTTP Client says - Request timeout error
WARNING:aiogram.dispatcher:Sleep for 5.012700 seconds and try again... (tryings = 141, bot id = 8922360706)
ERROR:aiogram.dispatcher:Failed to fetch updates - TelegramNetworkError: HTTP Client says - Request timeout error
WARNING:aiogram.dispatcher:Sleep for 5.026067 seconds and try again... (tryings = 142, bot id = 8922360706)
ERROR:aiogram.dispatcher:Failed to fetch updates - TelegramNetworkError: HTTP Client says - Request timeout error
WARNING:aiogram.dispatcher:Sleep for 4.988791 seconds and try again... (tryings = 143, bot id = 8922360706)
ERROR:aiogram.dispatcher:Failed to fetch updates - TelegramNetworkError: HTTP Client says - Request timeout error
WARNING:aiogram.dispatcher:Sleep for 5.061787 seconds and try again... (tryings = 144, bot id = 8922360706)
ERROR:aiogram.dispatcher:Failed to fetch updates - TelegramNetworkError: HTTP Client says - Request timeout error
WARNING:aiogram.dispatcher:Sleep for 5.127644 seconds and try again... (tryings = 145, bot id = 8922360706)
ERROR:aiogram.dispatcher:Failed to fetch updates - TelegramNetworkError: HTTP Client says - Request timeout error
WARNING:aiogram.dispatcher:Sleep for 4.895682 seconds and try again... (tryings = 146, bot id = 8922360706)
ERROR:aiogram.dispatcher:Failed to fetch updates - TelegramNetworkError: HTTP Client says - Request timeout error
WARNING:aiogram.dispatcher:Sleep for 5.121429 seconds and try again... (tryings = 147, bot id = 8922360706)
ERROR:aiogram.dispatcher:Failed to fetch updates - TelegramNetworkError: HTTP Client says - Request timeout error
WARNING:aiogram.dispatcher:Sleep for 5.050962 seconds and try again... (tryings = 148, bot id = 8922360706)
ERROR:aiogram.dispatcher:Failed to fetch updates - TelegramNetworkError: HTTP Client says - Request timeout error
WARNING:aiogram.dispatcher:Sleep for 5.008399 seconds and try again... (tryings = 149, bot id = 8922360706)
ERROR:aiogram.dispatcher:Failed to fetch updates - TelegramNetworkError: HTTP Client says - Request timeout error
WARNING:aiogram.dispatcher:Sleep for 5.104261 seconds and try again... (tryings = 150, bot id = 8922360706)
ERROR:aiogram.dispatcher:Failed to fetch updates - TelegramNetworkError: HTTP Client says - Request timeout error
WARNING:aiogram.dispatcher:Sleep for 5.128425 seconds and try again... (tryings = 151, bot id = 8922360706)
ERROR:aiogram.dispatcher:Failed to fetch updates - TelegramNetworkError: HTTP Client says - Request timeout error
WARNING:aiogram.dispatcher:Sleep for 4.846611 seconds and try again... (tryings = 152, bot id = 8922360706)
ERROR:aiogram.dispatcher:Failed to fetch updates - TelegramNetworkError: HTTP Client says - Request timeout error
WARNING:aiogram.dispatcher:Sleep for 4.912792 seconds and try again... (tryings = 153, bot id = 8922360706)
ERROR:aiogram.dispatcher:Failed to fetch updates - TelegramNetworkError: HTTP Client says - Request timeout error
WARNING:aiogram.dispatcher:Sleep for 5.025931 seconds and try again... (tryings = 154, bot id = 8922360706)
ERROR:aiogram.dispatcher:Failed to fetch updates - TelegramNetworkError: HTTP Client says - Request timeout error
WARNING:aiogram.dispatcher:Sleep for 5.078637 seconds and try again... (tryings = 155, bot id = 8922360706)
ERROR:aiogram.dispatcher:Failed to fetch updates - TelegramNetworkError: HTTP Client says - Request timeout error
WARNING:aiogram.dispatcher:Sleep for 4.879089 seconds and try again... (tryings = 156, bot id = 8922360706)
ERROR:aiogram.dispatcher:Failed to fetch updates - TelegramNetworkError: HTTP Client says - Request timeout error
WARNING:aiogram.dispatcher:Sleep for 5.080177 seconds and try again... (tryings = 157, bot id = 8922360706)
ERROR:aiogram.dispatcher:Failed to fetch updates - TelegramNetworkError: HTTP Client says - Request timeout error
WARNING:aiogram.dispatcher:Sleep for 4.856744 seconds and try again... (tryings = 158, bot id = 8922360706)
ERROR:aiogram.dispatcher:Failed to fetch updates - TelegramNetworkError: HTTP Client says - Request timeout error
WARNING:aiogram.dispatcher:Sleep for 4.800851 seconds and try again... (tryings = 159, bot id = 8922360706)
ERROR:aiogram.dispatcher:Failed to fetch updates - TelegramNetworkError: HTTP Client says - Request timeout error
WARNING:aiogram.dispatcher:Sleep for 5.068144 seconds and try again... (tryings = 160, bot id = 8922360706)
ERROR:aiogram.dispatcher:Failed to fetch updates - TelegramNetworkError: HTTP Client says - Request timeout error
WARNING:aiogram.dispatcher:Sleep for 4.872099 seconds and try again... (tryings = 161, bot id = 8922360706)
ERROR:aiogram.dispatcher:Failed to fetch updates - TelegramNetworkError: HTTP Client says - Request timeout error
WARNING:aiogram.dispatcher:Sleep for 5.042262 seconds and try again... (tryings = 162, bot id = 8922360706)
ERROR:aiogram.dispatcher:Failed to fetch updates - TelegramNetworkError: HTTP Client says - Request timeout error
WARNING:aiogram.dispatcher:Sleep for 4.880170 seconds and try again... (tryings = 163, bot id = 8922360706)
ERROR:aiogram.dispatcher:Failed to fetch updates - TelegramNetworkError: HTTP Client says - Request timeout error
WARNING:aiogram.dispatcher:Sleep for 5.025274 seconds and try again... (tryings = 164, bot id = 8922360706)
ERROR:aiogram.dispatcher:Failed to fetch updates - TelegramNetworkError: HTTP Client says - Request timeout error
WARNING:aiogram.dispatcher:Sleep for 4.970869 seconds and try again... (tryings = 165, bot id = 8922360706)
ERROR:aiogram.dispatcher:Failed to fetch updates - TelegramNetworkError: HTTP Client says - Request timeout error
WARNING:aiogram.dispatcher:Sleep for 4.974718 seconds and try again... (tryings = 166, bot id = 8922360706)
ERROR:aiogram.dispatcher:Failed to fetch updates - TelegramNetworkError: HTTP Client says - Request timeout error
WARNING:aiogram.dispatcher:Sleep for 4.948888 seconds and try again... (tryings = 167, bot id = 8922360706)
ERROR:aiogram.dispatcher:Failed to fetch updates - TelegramNetworkError: HTTP Client says - Request timeout error
WARNING:aiogram.dispatcher:Sleep for 4.809948 seconds and try again... (tryings = 168, bot id = 8922360706)
ERROR:aiogram.dispatcher:Failed to fetch updates - TelegramNetworkError: HTTP Client says - Request timeout error
WARNING:aiogram.dispatcher:Sleep for 5.034611 seconds and try again... (tryings = 169, bot id = 8922360706)
ERROR:aiogram.dispatcher:Failed to fetch updates - TelegramNetworkError: HTTP Client says - Request timeout error
WARNING:aiogram.dispatcher:Sleep for 5.098086 seconds and try again... (tryings = 170, bot id = 8922360706)
ERROR:aiogram.dispatcher:Failed to fetch updates - TelegramNetworkError: HTTP Client says - Request timeout error
WARNING:aiogram.dispatcher:Sleep for 4.976904 seconds and try again... (tryings = 171, bot id = 8922360706)
ERROR:aiogram.dispatcher:Failed to fetch updates - TelegramNetworkError: HTTP Client says - Request timeout error
WARNING:aiogram.dispatcher:Sleep for 4.976793 seconds and try again... (tryings = 172, bot id = 8922360706)
ERROR:aiogram.dispatcher:Failed to fetch updates - TelegramNetworkError: HTTP Client says - Request timeout error
WARNING:aiogram.dispatcher:Sleep for 5.039535 seconds and try again... (tryings = 173, bot id = 8922360706)
ERROR:aiogram.dispatcher:Failed to fetch updates - TelegramNetworkError: HTTP Client says - Request timeout error
WARNING:aiogram.dispatcher:Sleep for 5.041957 seconds and try again... (tryings = 174, bot id = 8922360706)
ERROR:aiogram.dispatcher:Failed to fetch updates - TelegramNetworkError: HTTP Client says - Request timeout error
WARNING:aiogram.dispatcher:Sleep for 4.888676 seconds and try again... (tryings = 175, bot id = 8922360706)
ERROR:aiogram.dispatcher:Failed to fetch updates - TelegramNetworkError: HTTP Client says - Request timeout error
WARNING:aiogram.dispatcher:Sleep for 4.964149 seconds and try again... (tryings = 176, bot id = 8922360706)
ERROR:aiogram.dispatcher:Failed to fetch updates - TelegramNetworkError: HTTP Client says - Request timeout error
WARNING:aiogram.dispatcher:Sleep for 4.900305 seconds and try again... (tryings = 177, bot id = 8922360706)
ERROR:aiogram.dispatcher:Failed to fetch updates - TelegramNetworkError: HTTP Client says - Request timeout error
WARNING:aiogram.dispatcher:Sleep for 4.964061 seconds and try again... (tryings = 178, bot id = 8922360706)
ERROR:aiogram.dispatcher:Failed to fetch updates - TelegramNetworkError: HTTP Client says - Request timeout error
WARNING:aiogram.dispatcher:Sleep for 5.055213 seconds and try again... (tryings = 179, bot id = 8922360706)
ERROR:aiogram.dispatcher:Failed to fetch updates - TelegramNetworkError: HTTP Client says - Request timeout error
WARNING:aiogram.dispatcher:Sleep for 4.916762 seconds and try again... (tryings = 180, bot id = 8922360706)
ERROR:aiogram.dispatcher:Failed to fetch updates - TelegramNetworkError: HTTP Client says - ClientConnectorError: Cannot connect to host api.telegram.org:443 ssl:default [Connect call failed ('149.154.166.110', 443)]
WARNING:aiogram.dispatcher:Sleep for 5.059863 seconds and try again... (tryings = 181, bot id = 8922360706)
ERROR:aiogram.dispatcher:Failed to fetch updates - TelegramNetworkError: HTTP Client says - Request timeout error
WARNING:aiogram.dispatcher:Sleep for 4.993006 seconds and try again... (tryings = 182, bot id = 8922360706)
ERROR:aiogram.dispatcher:Failed to fetch updates - TelegramNetworkError: HTTP Client says - Request timeout error
WARNING:aiogram.dispatcher:Sleep for 4.997808 seconds and try again... (tryings = 183, bot id = 8922360706)
ERROR:aiogram.dispatcher:Failed to fetch updates - TelegramNetworkError: HTTP Client says - Request timeout error
WARNING:aiogram.dispatcher:Sleep for 5.127101 seconds and try again... (tryings = 184, bot id = 8922360706)
ERROR:aiogram.dispatcher:Failed to fetch updates - TelegramNetworkError: HTTP Client says - Request timeout error
WARNING:aiogram.dispatcher:Sleep for 5.225220 seconds and try again... (tryings = 185, bot id = 8922360706)
ERROR:aiogram.dispatcher:Failed to fetch updates - TelegramNetworkError: HTTP Client says - Request timeout error
WARNING:aiogram.dispatcher:Sleep for 4.857658 seconds and try again... (tryings = 186, bot id = 8922360706)
ERROR:aiogram.dispatcher:Failed to fetch updates - TelegramNetworkError: HTTP Client says - Request timeout error
WARNING:aiogram.dispatcher:Sleep for 5.015682 seconds and try again... (tryings = 187, bot id = 8922360706)
ERROR:aiogram.dispatcher:Failed to fetch updates - TelegramNetworkError: HTTP Client says - Request timeout error
WARNING:aiogram.dispatcher:Sleep for 5.159576 seconds and try again... (tryings = 188, bot id = 8922360706)
ERROR:aiogram.dispatcher:Failed to fetch updates - TelegramNetworkError: HTTP Client says - Request timeout error
WARNING:aiogram.dispatcher:Sleep for 4.829535 seconds and try again... (tryings = 189, bot id = 8922360706)
ERROR:aiogram.dispatcher:Failed to fetch updates - TelegramNetworkError: HTTP Client says - Request timeout error
WARNING:aiogram.dispatcher:Sleep for 4.980957 seconds and try again... (tryings = 190, bot id = 8922360706)
ERROR:aiogram.dispatcher:Failed to fetch updates - TelegramNetworkError: HTTP Client says - Request timeout error
WARNING:aiogram.dispatcher:Sleep for 5.052258 seconds and try again... (tryings = 191, bot id = 8922360706)
ERROR:aiogram.dispatcher:Failed to fetch updates - TelegramNetworkError: HTTP Client says - Request timeout error
WARNING:aiogram.dispatcher:Sleep for 4.948190 seconds and try again... (tryings = 192, bot id = 8922360706)
ERROR:aiogram.dispatcher:Failed to fetch updates - TelegramNetworkError: HTTP Client says - Request timeout error
WARNING:aiogram.dispatcher:Sleep for 5.096935 seconds and try again... (tryings = 193, bot id = 8922360706)
ERROR:aiogram.dispatcher:Failed to fetch updates - TelegramNetworkError: HTTP Client says - Request timeout error
WARNING:aiogram.dispatcher:Sleep for 5.048439 seconds and try again... (tryings = 194, bot id = 8922360706)
ERROR:aiogram.dispatcher:Failed to fetch updates - TelegramNetworkError: HTTP Client says - Request timeout error
WARNING:aiogram.dispatcher:Sleep for 4.797451 seconds and try again... (tryings = 195, bot id = 8922360706)
ERROR:aiogram.dispatcher:Failed to fetch updates - TelegramNetworkError: HTTP Client says - Request timeout error
WARNING:aiogram.dispatcher:Sleep for 4.983319 seconds and try again... (tryings = 196, bot id = 8922360706)
ERROR:aiogram.dispatcher:Failed to fetch updates - TelegramNetworkError: HTTP Client says - Request timeout error
WARNING:aiogram.dispatcher:Sleep for 4.927006 seconds and try again... (tryings = 197, bot id = 8922360706)
ERROR:aiogram.dispatcher:Failed to fetch updates - TelegramNetworkError: HTTP Client says - Request timeout error
WARNING:aiogram.dispatcher:Sleep for 4.987088 seconds and try again... (tryings = 198, bot id = 8922360706)
ERROR:aiogram.dispatcher:Failed to fetch updates - TelegramNetworkError: HTTP Client says - Request timeout error
WARNING:aiogram.dispatcher:Sleep for 4.844744 seconds and try again... (tryings = 199, bot id = 8922360706)
ERROR:aiogram.dispatcher:Failed to fetch updates - TelegramNetworkError: HTTP Client says - Request timeout error
WARNING:aiogram.dispatcher:Sleep for 5.018880 seconds and try again... (tryings = 200, bot id = 8922360706)
ERROR:aiogram.dispatcher:Failed to fetch updates - TelegramNetworkError: HTTP Client says - Request timeout error
WARNING:aiogram.dispatcher:Sleep for 5.132443 seconds and try again... (tryings = 201, bot id = 8922360706)
ERROR:aiogram.dispatcher:Failed to fetch updates - TelegramNetworkError: HTTP Client says - Request timeout error
WARNING:aiogram.dispatcher:Sleep for 4.985047 seconds and try again... (tryings = 202, bot id = 8922360706)
ERROR:aiogram.dispatcher:Failed to fetch updates - TelegramNetworkError: HTTP Client says - Request timeout error
WARNING:aiogram.dispatcher:Sleep for 4.940682 seconds and try again... (tryings = 203, bot id = 8922360706)
ERROR:aiogram.dispatcher:Failed to fetch updates - TelegramNetworkError: HTTP Client says - Request timeout error
WARNING:aiogram.dispatcher:Sleep for 5.082230 seconds and try again... (tryings = 204, bot id = 8922360706)
ERROR:aiogram.dispatcher:Failed to fetch updates - TelegramNetworkError: HTTP Client says - Request timeout error
WARNING:aiogram.dispatcher:Sleep for 4.923991 seconds and try again... (tryings = 205, bot id = 8922360706)
ERROR:aiogram.dispatcher:Failed to fetch updates - TelegramNetworkError: HTTP Client says - Request timeout error
WARNING:aiogram.dispatcher:Sleep for 5.129889 seconds and try again... (tryings = 206, bot id = 8922360706)
ERROR:aiogram.dispatcher:Failed to fetch updates - TelegramNetworkError: HTTP Client says - Request timeout error
WARNING:aiogram.dispatcher:Sleep for 4.991228 seconds and try again... (tryings = 207, bot id = 8922360706)
ERROR:aiogram.dispatcher:Failed to fetch updates - TelegramNetworkError: HTTP Client says - Request timeout error
WARNING:aiogram.dispatcher:Sleep for 4.959976 seconds and try again... (tryings = 208, bot id = 8922360706)
ERROR:aiogram.dispatcher:Failed to fetch updates - TelegramNetworkError: HTTP Client says - Request timeout error
WARNING:aiogram.dispatcher:Sleep for 4.939055 seconds and try again... (tryings = 209, bot id = 8922360706)
ERROR:aiogram.dispatcher:Failed to fetch updates - TelegramNetworkError: HTTP Client says - Request timeout error
WARNING:aiogram.dispatcher:Sleep for 4.871999 seconds and try again... (tryings = 210, bot id = 8922360706)
ERROR:aiogram.dispatcher:Failed to fetch updates - TelegramNetworkError: HTTP Client says - Request timeout error
WARNING:aiogram.dispatcher:Sleep for 5.096529 seconds and try again... (tryings = 211, bot id = 8922360706)
ERROR:aiogram.dispatcher:Failed to fetch updates - TelegramNetworkError: HTTP Client says - Request timeout error
WARNING:aiogram.dispatcher:Sleep for 4.959767 seconds and try again... (tryings = 212, bot id = 8922360706)
ERROR:aiogram.dispatcher:Failed to fetch updates - TelegramNetworkError: HTTP Client says - Request timeout error
WARNING:aiogram.dispatcher:Sleep for 5.008372 seconds and try again... (tryings = 213, bot id = 8922360706)
ERROR:aiogram.dispatcher:Failed to fetch updates - TelegramNetworkError: HTTP Client says - Request timeout error
WARNING:aiogram.dispatcher:Sleep for 5.001248 seconds and try again... (tryings = 214, bot id = 8922360706)
ERROR:aiogram.dispatcher:Failed to fetch updates - TelegramNetworkError: HTTP Client says - Request timeout error
WARNING:aiogram.dispatcher:Sleep for 5.065482 seconds and try again... (tryings = 215, bot id = 8922360706)
ERROR:aiogram.dispatcher:Failed to fetch updates - TelegramNetworkError: HTTP Client says - Request timeout error
WARNING:aiogram.dispatcher:Sleep for 5.013357 seconds and try again... (tryings = 216, bot id = 8922360706)
ERROR:aiogram.dispatcher:Failed to fetch updates - TelegramNetworkError: HTTP Client says - Request timeout error
WARNING:aiogram.dispatcher:Sleep for 5.065054 seconds and try again... (tryings = 217, bot id = 8922360706)
ERROR:aiogram.dispatcher:Failed to fetch updates - TelegramNetworkError: HTTP Client says - Request timeout error
WARNING:aiogram.dispatcher:Sleep for 4.964834 seconds and try again... (tryings = 218, bot id = 8922360706)
ERROR:aiogram.dispatcher:Failed to fetch updates - TelegramNetworkError: HTTP Client says - Request timeout error
WARNING:aiogram.dispatcher:Sleep for 5.010704 seconds and try again... (tryings = 219, bot id = 8922360706)
ERROR:aiogram.dispatcher:Failed to fetch updates - TelegramNetworkError: HTTP Client says - Request timeout error
WARNING:aiogram.dispatcher:Sleep for 4.881715 seconds and try again... (tryings = 220, bot id = 8922360706)
ERROR:aiogram.dispatcher:Failed to fetch updates - TelegramNetworkError: HTTP Client says - Request timeout error
WARNING:aiogram.dispatcher:Sleep for 5.154630 seconds and try again... (tryings = 221, bot id = 8922360706)
ERROR:aiogram.dispatcher:Failed to fetch updates - TelegramNetworkError: HTTP Client says - Request timeout error
WARNING:aiogram.dispatcher:Sleep for 5.070823 seconds and try again... (tryings = 222, bot id = 8922360706)
ERROR:aiogram.dispatcher:Failed to fetch updates - TelegramNetworkError: HTTP Client says - Request timeout error
WARNING:aiogram.dispatcher:Sleep for 5.091567 seconds and try again... (tryings = 223, bot id = 8922360706)
ERROR:aiogram.dispatcher:Failed to fetch updates - TelegramNetworkError: HTTP Client says - Request timeout error
WARNING:aiogram.dispatcher:Sleep for 4.946107 seconds and try again... (tryings = 224, bot id = 8922360706)
ERROR:aiogram.dispatcher:Failed to fetch updates - TelegramNetworkError: HTTP Client says - Request timeout error
WARNING:aiogram.dispatcher:Sleep for 5.065273 seconds and try again... (tryings = 225, bot id = 8922360706)
ERROR:aiogram.dispatcher:Failed to fetch updates - TelegramNetworkError: HTTP Client says - Request timeout error
WARNING:aiogram.dispatcher:Sleep for 5.040276 seconds and try again... (tryings = 226, bot id = 8922360706)
ERROR:aiogram.dispatcher:Failed to fetch updates - TelegramNetworkError: HTTP Client says - Request timeout error
WARNING:aiogram.dispatcher:Sleep for 5.028545 seconds and try again... (tryings = 227, bot id = 8922360706)
ERROR:aiogram.dispatcher:Failed to fetch updates - TelegramNetworkError: HTTP Client says - Request timeout error
WARNING:aiogram.dispatcher:Sleep for 4.811715 seconds and try again... (tryings = 228, bot id = 8922360706)
ERROR:aiogram.dispatcher:Failed to fetch updates - TelegramNetworkError: HTTP Client says - Request timeout error
WARNING:aiogram.dispatcher:Sleep for 5.015020 seconds and try again... (tryings = 229, bot id = 8922360706)
ERROR:aiogram.dispatcher:Failed to fetch updates - TelegramNetworkError: HTTP Client says - Request timeout error
WARNING:aiogram.dispatcher:Sleep for 5.021514 seconds and try again... (tryings = 230, bot id = 8922360706)
ERROR:aiogram.dispatcher:Failed to fetch updates - TelegramNetworkError: HTTP Client says - Request timeout error
WARNING:aiogram.dispatcher:Sleep for 4.949094 seconds and try again... (tryings = 231, bot id = 8922360706)
ERROR:aiogram.dispatcher:Failed to fetch updates - TelegramNetworkError: HTTP Client says - Request timeout error
WARNING:aiogram.dispatcher:Sleep for 4.946698 seconds and try again... (tryings = 232, bot id = 8922360706)
ERROR:aiogram.dispatcher:Failed to fetch updates - TelegramNetworkError: HTTP Client says - Request timeout error
WARNING:aiogram.dispatcher:Sleep for 5.065542 seconds and try again... (tryings = 233, bot id = 8922360706)
ERROR:aiogram.dispatcher:Failed to fetch updates - TelegramNetworkError: HTTP Client says - Request timeout error
WARNING:aiogram.dispatcher:Sleep for 5.134973 seconds and try again... (tryings = 234, bot id = 8922360706)
ERROR:aiogram.dispatcher:Failed to fetch updates - TelegramNetworkError: HTTP Client says - Request timeout error
WARNING:aiogram.dispatcher:Sleep for 5.021533 seconds and try again... (tryings = 235, bot id = 8922360706)
ERROR:aiogram.dispatcher:Failed to fetch updates - TelegramNetworkError: HTTP Client says - Request timeout error
WARNING:aiogram.dispatcher:Sleep for 4.924678 seconds and try again... (tryings = 236, bot id = 8922360706)
INFO:aiogram.dispatcher:Connection established (tryings = 237, bot id = 8922360706)
ERROR:aiogram.dispatcher:Failed to fetch updates - TelegramNetworkError: HTTP Client says - ServerDisconnectedError: Server disconnected
WARNING:aiogram.dispatcher:Sleep for 1.000000 seconds and try again... (tryings = 0, bot id = 8922360706)
ERROR:aiogram.dispatcher:Failed to fetch updates - TelegramNetworkError: HTTP Client says - ClientConnectorError: Cannot connect to host api.telegram.org:443 ssl:default [None]
WARNING:aiogram.dispatcher:Sleep for 1.234688 seconds and try again... (tryings = 1, bot id = 8922360706)
INFO:aiogram.dispatcher:Connection established (tryings = 2, bot id = 8922360706)
ERROR:aiogram.dispatcher:Failed to fetch updates - TelegramNetworkError: HTTP Client says - ServerDisconnectedError: Server disconnected
WARNING:aiogram.dispatcher:Sleep for 1.000000 seconds and try again... (tryings = 0, bot id = 8922360706)
INFO:aiogram.dispatcher:Connection established (tryings = 1, bot id = 8922360706)
ERROR:aiogram.dispatcher:Failed to fetch updates - TelegramNetworkError: HTTP Client says - ServerDisconnectedError: Server disconnected
WARNING:aiogram.dispatcher:Sleep for 1.000000 seconds and try again... (tryings = 0, bot id = 8922360706)
ERROR:aiogram.dispatcher:Failed to fetch updates - TelegramNetworkError: HTTP Client says - ServerDisconnectedError: Server disconnected
WARNING:aiogram.dispatcher:Sleep for 1.360248 seconds and try again... (tryings = 1, bot id = 8922360706)
INFO:aiogram.dispatcher:Connection established (tryings = 2, bot id = 8922360706)
ERROR:aiogram.dispatcher:Failed to fetch updates - TelegramNetworkError: HTTP Client says - ServerDisconnectedError: Server disconnected
WARNING:aiogram.dispatcher:Sleep for 1.000000 seconds and try again... (tryings = 0, bot id = 8922360706)
ERROR:aiogram.dispatcher:Failed to fetch updates - TelegramNetworkError: HTTP Client says - ServerDisconnectedError: Server disconnected
WARNING:aiogram.dispatcher:Sleep for 1.287772 seconds and try again... (tryings = 1, bot id = 8922360706)
INFO:aiogram.dispatcher:Connection established (tryings = 2, bot id = 8922360706)
ERROR:aiogram.dispatcher:Failed to fetch updates - TelegramNetworkError: HTTP Client says - ServerDisconnectedError: Server disconnected
WARNING:aiogram.dispatcher:Sleep for 1.000000 seconds and try again... (tryings = 0, bot id = 8922360706)
ERROR:aiogram.dispatcher:Failed to fetch updates - TelegramNetworkError: HTTP Client says - ClientConnectorError: Cannot connect to host api.telegram.org:443 ssl:default [None]
WARNING:aiogram.dispatcher:Sleep for 1.181466 seconds and try again... (tryings = 1, bot id = 8922360706)
INFO:aiogram.dispatcher:Connection established (tryings = 2, bot id = 8922360706)
ERROR:aiogram.dispatcher:Failed to fetch updates - TelegramNetworkError: HTTP Client says - ServerDisconnectedError: Server disconnected
WARNING:aiogram.dispatcher:Sleep for 1.000000 seconds and try again... (tryings = 0, bot id = 8922360706)
INFO:aiogram.dispatcher:Connection established (tryings = 1, bot id = 8922360706)
ERROR:aiogram.dispatcher:Failed to fetch updates - TelegramNetworkError: HTTP Client says - ServerDisconnectedError: Server disconnected
WARNING:aiogram.dispatcher:Sleep for 1.000000 seconds and try again... (tryings = 0, bot id = 8922360706)
INFO:aiogram.dispatcher:Connection established (tryings = 1, bot id = 8922360706)
ERROR:aiogram.dispatcher:Failed to fetch updates - TelegramNetworkError: HTTP Client says - ServerDisconnectedError: Server disconnected
WARNING:aiogram.dispatcher:Sleep for 1.000000 seconds and try again... (tryings = 0, bot id = 8922360706)
INFO:aiogram.dispatcher:Connection established (tryings = 1, bot id = 8922360706)
ERROR:aiogram.dispatcher:Failed to fetch updates - TelegramNetworkError: HTTP Client says - ServerDisconnectedError: Server disconnected
WARNING:aiogram.dispatcher:Sleep for 1.000000 seconds and try again... (tryings = 0, bot id = 8922360706)
INFO:aiogram.dispatcher:Connection established (tryings = 1, bot id = 8922360706)
ERROR:aiogram.dispatcher:Failed to fetch updates - TelegramNetworkError: HTTP Client says - ServerDisconnectedError: Server disconnected
WARNING:aiogram.dispatcher:Sleep for 1.000000 seconds and try again... (tryings = 0, bot id = 8922360706)
INFO:aiogram.dispatcher:Connection established (tryings = 1, bot id = 8922360706)
ERROR:aiogram.dispatcher:Failed to fetch updates - TelegramNetworkError: HTTP Client says - ServerDisconnectedError: Server disconnected
WARNING:aiogram.dispatcher:Sleep for 1.000000 seconds and try again... (tryings = 0, bot id = 8922360706)
INFO:aiogram.dispatcher:Connection established (tryings = 1, bot id = 8922360706)
ERROR:aiogram.dispatcher:Failed to fetch updates - TelegramNetworkError: HTTP Client says - ServerDisconnectedError: Server disconnected
WARNING:aiogram.dispatcher:Sleep for 1.000000 seconds and try again... (tryings = 0, bot id = 8922360706)
INFO:aiogram.dispatcher:Connection established (tryings = 1, bot id = 8922360706)
ERROR:aiogram.dispatcher:Failed to fetch updates - TelegramNetworkError: HTTP Client says - ServerDisconnectedError: Server disconnected
WARNING:aiogram.dispatcher:Sleep for 1.000000 seconds and try again... (tryings = 0, bot id = 8922360706)
ERROR:aiogram.dispatcher:Failed to fetch updates - TelegramNetworkError: HTTP Client says - ClientConnectorError: Cannot connect to host api.telegram.org:443 ssl:default [None]
WARNING:aiogram.dispatcher:Sleep for 1.193725 seconds and try again... (tryings = 1, bot id = 8922360706)
ERROR:aiogram.dispatcher:Failed to fetch updates - TelegramNetworkError: HTTP Client says - ClientConnectorError: Cannot connect to host api.telegram.org:443 ssl:default [None]
WARNING:aiogram.dispatcher:Sleep for 1.367231 seconds and try again... (tryings = 2, bot id = 8922360706)
ERROR:aiogram.dispatcher:Failed to fetch updates - TelegramNetworkError: HTTP Client says - ClientConnectorError: Cannot connect to host api.telegram.org:443 ssl:default [None]
WARNING:aiogram.dispatcher:Sleep for 1.651127 seconds and try again... (tryings = 3, bot id = 8922360706)
ERROR:aiogram.dispatcher:Failed to fetch updates - TelegramNetworkError: HTTP Client says - ClientConnectorError: Cannot connect to host api.telegram.org:443 ssl:default [None]
WARNING:aiogram.dispatcher:Sleep for 2.040545 seconds and try again... (tryings = 4, bot id = 8922360706)
ERROR:aiogram.dispatcher:Failed to fetch updates - TelegramNetworkError: HTTP Client says - ClientConnectorError: Cannot connect to host api.telegram.org:443 ssl:default [None]
WARNING:aiogram.dispatcher:Sleep for 2.645115 seconds and try again... (tryings = 5, bot id = 8922360706)
ERROR:aiogram.dispatcher:Failed to fetch updates - TelegramNetworkError: HTTP Client says - ClientConnectorError: Cannot connect to host api.telegram.org:443 ssl:default [None]
WARNING:aiogram.dispatcher:Sleep for 3.373176 seconds and try again... (tryings = 6, bot id = 8922360706)
ERROR:aiogram.dispatcher:Failed to fetch updates - TelegramNetworkError: HTTP Client says - ClientConnectorError: Cannot connect to host api.telegram.org:443 ssl:default [None]
WARNING:aiogram.dispatcher:Sleep for 4.566917 seconds and try again... (tryings = 7, bot id = 8922360706)
ERROR:aiogram.dispatcher:Failed to fetch updates - TelegramNetworkError: HTTP Client says - ClientConnectorError: Cannot connect to host api.telegram.org:443 ssl:default [None]
WARNING:aiogram.dispatcher:Sleep for 5.197150 seconds and try again... (tryings = 8, bot id = 8922360706)
ERROR:aiogram.dispatcher:Failed to fetch updates - TelegramNetworkError: HTTP Client says - ClientConnectorError: Cannot connect to host api.telegram.org:443 ssl:default [None]
WARNING:aiogram.dispatcher:Sleep for 5.104347 seconds and try again... (tryings = 9, bot id = 8922360706)
ERROR:aiogram.dispatcher:Failed to fetch updates - TelegramNetworkError: HTTP Client says - ClientConnectorError: Cannot connect to host api.telegram.org:443 ssl:default [None]
WARNING:aiogram.dispatcher:Sleep for 5.126959 seconds and try again... (tryings = 10, bot id = 8922360706)
ERROR:aiogram.dispatcher:Failed to fetch updates - TelegramNetworkError: HTTP Client says - ClientConnectorError: Cannot connect to host api.telegram.org:443 ssl:default [None]
WARNING:aiogram.dispatcher:Sleep for 4.856131 seconds and try again... (tryings = 11, bot id = 8922360706)
ERROR:aiogram.dispatcher:Failed to fetch updates - TelegramNetworkError: HTTP Client says - ClientConnectorError: Cannot connect to host api.telegram.org:443 ssl:default [None]
WARNING:aiogram.dispatcher:Sleep for 4.942535 seconds and try again... (tryings = 12, bot id = 8922360706)
ERROR:aiogram.dispatcher:Failed to fetch updates - TelegramNetworkError: HTTP Client says - ClientConnectorError: Cannot connect to host api.telegram.org:443 ssl:default [None]
WARNING:aiogram.dispatcher:Sleep for 5.043763 seconds and try again... (tryings = 13, bot id = 8922360706)
ERROR:aiogram.dispatcher:Failed to fetch updates - TelegramNetworkError: HTTP Client says - ClientConnectorError: Cannot connect to host api.telegram.org:443 ssl:default [None]
WARNING:aiogram.dispatcher:Sleep for 4.882743 seconds and try again... (tryings = 14, bot id = 8922360706)
ERROR:aiogram.dispatcher:Failed to fetch updates - TelegramNetworkError: HTTP Client says - ClientConnectorError: Cannot connect to host api.telegram.org:443 ssl:default [None]
WARNING:aiogram.dispatcher:Sleep for 5.030427 seconds and try again... (tryings = 15, bot id = 8922360706)
ERROR:aiogram.dispatcher:Failed to fetch updates - TelegramNetworkError: HTTP Client says - ClientConnectorError: Cannot connect to host api.telegram.org:443 ssl:default [None]
WARNING:aiogram.dispatcher:Sleep for 5.221742 seconds and try again... (tryings = 16, bot id = 8922360706)
ERROR:aiogram.dispatcher:Failed to fetch updates - TelegramNetworkError: HTTP Client says - ClientConnectorError: Cannot connect to host api.telegram.org:443 ssl:default [None]
WARNING:aiogram.dispatcher:Sleep for 5.075825 seconds and try again... (tryings = 17, bot id = 8922360706)
ERROR:aiogram.dispatcher:Failed to fetch updates - TelegramNetworkError: HTTP Client says - ClientConnectorError: Cannot connect to host api.telegram.org:443 ssl:default [None]
WARNING:aiogram.dispatcher:Sleep for 5.011793 seconds and try again... (tryings = 18, bot id = 8922360706)
ERROR:aiogram.dispatcher:Failed to fetch updates - TelegramNetworkError: HTTP Client says - ClientConnectorError: Cannot connect to host api.telegram.org:443 ssl:default [None]
WARNING:aiogram.dispatcher:Sleep for 5.137722 seconds and try again... (tryings = 19, bot id = 8922360706)
ERROR:aiogram.dispatcher:Failed to fetch updates - TelegramNetworkError: HTTP Client says - ClientConnectorError: Cannot connect to host api.telegram.org:443 ssl:default [None]
WARNING:aiogram.dispatcher:Sleep for 5.029232 seconds and try again... (tryings = 20, bot id = 8922360706)
ERROR:aiogram.dispatcher:Failed to fetch updates - TelegramNetworkError: HTTP Client says - ClientConnectorError: Cannot connect to host api.telegram.org:443 ssl:default [None]
WARNING:aiogram.dispatcher:Sleep for 5.023433 seconds and try again... (tryings = 21, bot id = 8922360706)
ERROR:aiogram.dispatcher:Failed to fetch updates - TelegramNetworkError: HTTP Client says - ClientConnectorError: Cannot connect to host api.telegram.org:443 ssl:default [None]
WARNING:aiogram.dispatcher:Sleep for 4.964852 seconds and try again... (tryings = 22, bot id = 8922360706)
ERROR:aiogram.dispatcher:Failed to fetch updates - TelegramNetworkError: HTTP Client says - ClientConnectorError: Cannot connect to host api.telegram.org:443 ssl:default [None]
WARNING:aiogram.dispatcher:Sleep for 5.078348 seconds and try again... (tryings = 23, bot id = 8922360706)
ERROR:aiogram.dispatcher:Failed to fetch updates - TelegramNetworkError: HTTP Client says - ClientConnectorError: Cannot connect to host api.telegram.org:443 ssl:default [None]
WARNING:aiogram.dispatcher:Sleep for 4.985303 seconds and try again... (tryings = 24, bot id = 8922360706)
ERROR:aiogram.dispatcher:Failed to fetch updates - TelegramNetworkError: HTTP Client says - ClientConnectorError: Cannot connect to host api.telegram.org:443 ssl:default [None]
WARNING:aiogram.dispatcher:Sleep for 4.863294 seconds and try again... (tryings = 25, bot id = 8922360706)
ERROR:aiogram.dispatcher:Failed to fetch updates - TelegramNetworkError: HTTP Client says - ClientConnectorError: Cannot connect to host api.telegram.org:443 ssl:default [None]
WARNING:aiogram.dispatcher:Sleep for 4.862386 seconds and try again... (tryings = 26, bot id = 8922360706)
ERROR:aiogram.dispatcher:Failed to fetch updates - TelegramNetworkError: HTTP Client says - ClientConnectorError: Cannot connect to host api.telegram.org:443 ssl:default [None]
WARNING:aiogram.dispatcher:Sleep for 4.940442 seconds and try again... (tryings = 27, bot id = 8922360706)
ERROR:aiogram.dispatcher:Failed to fetch updates - TelegramNetworkError: HTTP Client says - ClientConnectorError: Cannot connect to host api.telegram.org:443 ssl:default [None]
WARNING:aiogram.dispatcher:Sleep for 5.069602 seconds and try again... (tryings = 28, bot id = 8922360706)
ERROR:aiogram.dispatcher:Failed to fetch updates - TelegramNetworkError: HTTP Client says - ClientConnectorError: Cannot connect to host api.telegram.org:443 ssl:default [None]
WARNING:aiogram.dispatcher:Sleep for 4.970132 seconds and try again... (tryings = 29, bot id = 8922360706)
ERROR:aiogram.dispatcher:Failed to fetch updates - TelegramNetworkError: HTTP Client says - ClientConnectorError: Cannot connect to host api.telegram.org:443 ssl:default [None]
WARNING:aiogram.dispatcher:Sleep for 4.871944 seconds and try again... (tryings = 30, bot id = 8922360706)
ERROR:aiogram.dispatcher:Failed to fetch updates - TelegramNetworkError: HTTP Client says - ClientConnectorError: Cannot connect to host api.telegram.org:443 ssl:default [None]
WARNING:aiogram.dispatcher:Sleep for 4.973097 seconds and try again... (tryings = 31, bot id = 8922360706)
ERROR:aiogram.dispatcher:Failed to fetch updates - TelegramNetworkError: HTTP Client says - ClientConnectorError: Cannot connect to host api.telegram.org:443 ssl:default [None]
WARNING:aiogram.dispatcher:Sleep for 5.021549 seconds and try again... (tryings = 32, bot id = 8922360706)
ERROR:aiogram.dispatcher:Failed to fetch updates - TelegramNetworkError: HTTP Client says - ClientConnectorError: Cannot connect to host api.telegram.org:443 ssl:default [None]
WARNING:aiogram.dispatcher:Sleep for 5.009959 seconds and try again... (tryings = 33, bot id = 8922360706)
ERROR:aiogram.dispatcher:Failed to fetch updates - TelegramNetworkError: HTTP Client says - ClientConnectorError: Cannot connect to host api.telegram.org:443 ssl:default [None]
WARNING:aiogram.dispatcher:Sleep for 4.913144 seconds and try again... (tryings = 34, bot id = 8922360706)
ERROR:aiogram.dispatcher:Failed to fetch updates - TelegramNetworkError: HTTP Client says - ClientConnectorError: Cannot connect to host api.telegram.org:443 ssl:default [None]
WARNING:aiogram.dispatcher:Sleep for 5.086881 seconds and try again... (tryings = 35, bot id = 8922360706)
ERROR:aiogram.dispatcher:Failed to fetch updates - TelegramNetworkError: HTTP Client says - ClientConnectorError: Cannot connect to host api.telegram.org:443 ssl:default [None]
WARNING:aiogram.dispatcher:Sleep for 5.027966 seconds and try again... (tryings = 36, bot id = 8922360706)
ERROR:aiogram.dispatcher:Failed to fetch updates - TelegramNetworkError: HTTP Client says - ClientConnectorError: Cannot connect to host api.telegram.org:443 ssl:default [None]
WARNING:aiogram.dispatcher:Sleep for 4.858568 seconds and try again... (tryings = 37, bot id = 8922360706)
ERROR:aiogram.dispatcher:Failed to fetch updates - TelegramNetworkError: HTTP Client says - ClientConnectorError: Cannot connect to host api.telegram.org:443 ssl:default [None]
WARNING:aiogram.dispatcher:Sleep for 4.971581 seconds and try again... (tryings = 38, bot id = 8922360706)
ERROR:aiogram.dispatcher:Failed to fetch updates - TelegramNetworkError: HTTP Client says - ClientConnectorError: Cannot connect to host api.telegram.org:443 ssl:default [None]
WARNING:aiogram.dispatcher:Sleep for 5.075513 seconds and try again... (tryings = 39, bot id = 8922360706)
ERROR:aiogram.dispatcher:Failed to fetch updates - TelegramNetworkError: HTTP Client says - ClientConnectorError: Cannot connect to host api.telegram.org:443 ssl:default [None]
WARNING:aiogram.dispatcher:Sleep for 5.030733 seconds and try again... (tryings = 40, bot id = 8922360706)
ERROR:aiogram.dispatcher:Failed to fetch updates - TelegramNetworkError: HTTP Client says - ClientConnectorError: Cannot connect to host api.telegram.org:443 ssl:default [None]
WARNING:aiogram.dispatcher:Sleep for 4.895489 seconds and try again... (tryings = 41, bot id = 8922360706)
ERROR:aiogram.dispatcher:Failed to fetch updates - TelegramNetworkError: HTTP Client says - ClientConnectorError: Cannot connect to host api.telegram.org:443 ssl:default [None]
WARNING:aiogram.dispatcher:Sleep for 5.090202 seconds and try again... (tryings = 42, bot id = 8922360706)
ERROR:aiogram.dispatcher:Failed to fetch updates - TelegramNetworkError: HTTP Client says - ClientConnectorError: Cannot connect to host api.telegram.org:443 ssl:default [None]
WARNING:aiogram.dispatcher:Sleep for 5.129671 seconds and try again... (tryings = 43, bot id = 8922360706)
ERROR:aiogram.dispatcher:Failed to fetch updates - TelegramNetworkError: HTTP Client says - ClientConnectorError: Cannot connect to host api.telegram.org:443 ssl:default [None]
WARNING:aiogram.dispatcher:Sleep for 5.118929 seconds and try again... (tryings = 44, bot id = 8922360706)
ERROR:aiogram.dispatcher:Failed to fetch updates - TelegramNetworkError: HTTP Client says - ClientConnectorError: Cannot connect to host api.telegram.org:443 ssl:default [None]
WARNING:aiogram.dispatcher:Sleep for 5.100722 seconds and try again... (tryings = 45, bot id = 8922360706)
ERROR:aiogram.dispatcher:Failed to fetch updates - TelegramNetworkError: HTTP Client says - ClientConnectorError: Cannot connect to host api.telegram.org:443 ssl:default [None]
WARNING:aiogram.dispatcher:Sleep for 5.122843 seconds and try again... (tryings = 46, bot id = 8922360706)
ERROR:aiogram.dispatcher:Failed to fetch updates - TelegramNetworkError: HTTP Client says - ClientConnectorError: Cannot connect to host api.telegram.org:443 ssl:default [None]
WARNING:aiogram.dispatcher:Sleep for 4.979507 seconds and try again... (tryings = 47, bot id = 8922360706)
ERROR:aiogram.dispatcher:Failed to fetch updates - TelegramNetworkError: HTTP Client says - ClientConnectorError: Cannot connect to host api.telegram.org:443 ssl:default [None]
WARNING:aiogram.dispatcher:Sleep for 4.875326 seconds and try again... (tryings = 48, bot id = 8922360706)
ERROR:aiogram.dispatcher:Failed to fetch updates - TelegramNetworkError: HTTP Client says - ClientConnectorError: Cannot connect to host api.telegram.org:443 ssl:default [None]
WARNING:aiogram.dispatcher:Sleep for 4.932174 seconds and try again... (tryings = 49, bot id = 8922360706)
ERROR:aiogram.dispatcher:Failed to fetch updates - TelegramNetworkError: HTTP Client says - ClientConnectorError: Cannot connect to host api.telegram.org:443 ssl:default [None]
WARNING:aiogram.dispatcher:Sleep for 5.018333 seconds and try again... (tryings = 50, bot id = 8922360706)
ERROR:aiogram.dispatcher:Failed to fetch updates - TelegramNetworkError: HTTP Client says - ClientConnectorError: Cannot connect to host api.telegram.org:443 ssl:default [None]
WARNING:aiogram.dispatcher:Sleep for 4.916916 seconds and try again... (tryings = 51, bot id = 8922360706)
ERROR:aiogram.dispatcher:Failed to fetch updates - TelegramNetworkError: HTTP Client says - ClientConnectorError: Cannot connect to host api.telegram.org:443 ssl:default [None]
WARNING:aiogram.dispatcher:Sleep for 5.103584 seconds and try again... (tryings = 52, bot id = 8922360706)
ERROR:aiogram.dispatcher:Failed to fetch updates - TelegramNetworkError: HTTP Client says - ClientConnectorError: Cannot connect to host api.telegram.org:443 ssl:default [None]
WARNING:aiogram.dispatcher:Sleep for 5.028196 seconds and try again... (tryings = 53, bot id = 8922360706)
ERROR:aiogram.dispatcher:Failed to fetch updates - TelegramNetworkError: HTTP Client says - ClientConnectorError: Cannot connect to host api.telegram.org:443 ssl:default [None]
WARNING:aiogram.dispatcher:Sleep for 5.018861 seconds and try again... (tryings = 54, bot id = 8922360706)
ERROR:aiogram.dispatcher:Failed to fetch updates - TelegramNetworkError: HTTP Client says - ClientConnectorError: Cannot connect to host api.telegram.org:443 ssl:default [None]
WARNING:aiogram.dispatcher:Sleep for 5.020581 seconds and try again... (tryings = 55, bot id = 8922360706)
ERROR:aiogram.dispatcher:Failed to fetch updates - TelegramNetworkError: HTTP Client says - ClientConnectorError: Cannot connect to host api.telegram.org:443 ssl:default [None]
WARNING:aiogram.dispatcher:Sleep for 5.195083 seconds and try again... (tryings = 56, bot id = 8922360706)
ERROR:aiogram.dispatcher:Failed to fetch updates - TelegramNetworkError: HTTP Client says - ClientConnectorError: Cannot connect to host api.telegram.org:443 ssl:default [None]
WARNING:aiogram.dispatcher:Sleep for 5.093892 seconds and try again... (tryings = 57, bot id = 8922360706)
ERROR:aiogram.dispatcher:Failed to fetch updates - TelegramNetworkError: HTTP Client says - ClientConnectorError: Cannot connect to host api.telegram.org:443 ssl:default [None]
WARNING:aiogram.dispatcher:Sleep for 4.992388 seconds and try again... (tryings = 58, bot id = 8922360706)
ERROR:aiogram.dispatcher:Failed to fetch updates - TelegramNetworkError: HTTP Client says - ClientConnectorError: Cannot connect to host api.telegram.org:443 ssl:default [None]
WARNING:aiogram.dispatcher:Sleep for 5.140749 seconds and try again... (tryings = 59, bot id = 8922360706)
ERROR:aiogram.dispatcher:Failed to fetch updates - TelegramNetworkError: HTTP Client says - ClientConnectorError: Cannot connect to host api.telegram.org:443 ssl:default [None]
WARNING:aiogram.dispatcher:Sleep for 5.064450 seconds and try again... (tryings = 60, bot id = 8922360706)
ERROR:aiogram.dispatcher:Failed to fetch updates - TelegramNetworkError: HTTP Client says - ClientConnectorError: Cannot connect to host api.telegram.org:443 ssl:default [None]
WARNING:aiogram.dispatcher:Sleep for 5.175671 seconds and try again... (tryings = 61, bot id = 8922360706)
ERROR:aiogram.dispatcher:Failed to fetch updates - TelegramNetworkError: HTTP Client says - ClientConnectorError: Cannot connect to host api.telegram.org:443 ssl:default [None]
WARNING:aiogram.dispatcher:Sleep for 4.935521 seconds and try again... (tryings = 62, bot id = 8922360706)
INFO:aiogram.dispatcher:Connection established (tryings = 63, bot id = 8922360706)
ERROR:aiogram.dispatcher:Failed to fetch updates - TelegramNetworkError: HTTP Client says - ServerDisconnectedError: Server disconnected
WARNING:aiogram.dispatcher:Sleep for 1.000000 seconds and try again... (tryings = 0, bot id = 8922360706)
ERROR:aiogram.dispatcher:Failed to fetch updates - TelegramNetworkError: HTTP Client says - ClientConnectorError: Cannot connect to host api.telegram.org:443 ssl:default [None]
WARNING:aiogram.dispatcher:Sleep for 1.426086 seconds and try again... (tryings = 1, bot id = 8922360706)
ERROR:aiogram.dispatcher:Failed to fetch updates - TelegramNetworkError: HTTP Client says - ClientConnectorError: Cannot connect to host api.telegram.org:443 ssl:default [None]
WARNING:aiogram.dispatcher:Sleep for 1.895691 seconds and try again... (tryings = 2, bot id = 8922360706)
ERROR:aiogram.dispatcher:Failed to fetch updates - TelegramNetworkError: HTTP Client says - ClientConnectorError: Cannot connect to host api.telegram.org:443 ssl:default [None]
WARNING:aiogram.dispatcher:Sleep for 2.560319 seconds and try again... (tryings = 3, bot id = 8922360706)
ERROR:aiogram.dispatcher:Failed to fetch updates - TelegramNetworkError: HTTP Client says - ClientConnectorError: Cannot connect to host api.telegram.org:443 ssl:default [None]
WARNING:aiogram.dispatcher:Sleep for 3.318579 seconds and try again... (tryings = 4, bot id = 8922360706)
INFO:aiogram.dispatcher:Connection established (tryings = 5, bot id = 8922360706)
ERROR:aiogram.dispatcher:Failed to fetch updates - TelegramNetworkError: HTTP Client says - ServerDisconnectedError: Server disconnected
WARNING:aiogram.dispatcher:Sleep for 1.000000 seconds and try again... (tryings = 0, bot id = 8922360706)
ERROR:aiogram.dispatcher:Failed to fetch updates - TelegramNetworkError: HTTP Client says - ClientConnectorError: Cannot connect to host api.telegram.org:443 ssl:default [None]
WARNING:aiogram.dispatcher:Sleep for 1.384155 seconds and try again... (tryings = 1, bot id = 8922360706)
ERROR:aiogram.dispatcher:Failed to fetch updates - TelegramNetworkError: HTTP Client says - ClientConnectorError: Cannot connect to host api.telegram.org:443 ssl:default [None]
WARNING:aiogram.dispatcher:Sleep for 1.896377 seconds and try again... (tryings = 2, bot id = 8922360706)
ERROR:aiogram.dispatcher:Failed to fetch updates - TelegramNetworkError: HTTP Client says - ClientConnectorError: Cannot connect to host api.telegram.org:443 ssl:default [None]
WARNING:aiogram.dispatcher:Sleep for 2.224077 seconds and try again... (tryings = 3, bot id = 8922360706)
ERROR:aiogram.dispatcher:Failed to fetch updates - TelegramNetworkError: HTTP Client says - ClientConnectorError: Cannot connect to host api.telegram.org:443 ssl:default [None]
WARNING:aiogram.dispatcher:Sleep for 2.777594 seconds and try again... (tryings = 4, bot id = 8922360706)
ERROR:aiogram.dispatcher:Failed to fetch updates - TelegramNetworkError: HTTP Client says - ClientConnectorError: Cannot connect to host api.telegram.org:443 ssl:default [None]
WARNING:aiogram.dispatcher:Sleep for 3.666273 seconds and try again... (tryings = 5, bot id = 8922360706)
ERROR:aiogram.dispatcher:Failed to fetch updates - TelegramNetworkError: HTTP Client says - ClientConnectorError: Cannot connect to host api.telegram.org:443 ssl:default [None]
WARNING:aiogram.dispatcher:Sleep for 4.600353 seconds and try again... (tryings = 6, bot id = 8922360706)
ERROR:aiogram.dispatcher:Failed to fetch updates - TelegramNetworkError: HTTP Client says - ClientConnectorError: Cannot connect to host api.telegram.org:443 ssl:default [None]
WARNING:aiogram.dispatcher:Sleep for 5.117514 seconds and try again... (tryings = 7, bot id = 8922360706)
ERROR:aiogram.dispatcher:Failed to fetch updates - TelegramNetworkError: HTTP Client says - ClientConnectorError: Cannot connect to host api.telegram.org:443 ssl:default [None]
WARNING:aiogram.dispatcher:Sleep for 4.981157 seconds and try again... (tryings = 8, bot id = 8922360706)
ERROR:aiogram.dispatcher:Failed to fetch updates - TelegramNetworkError: HTTP Client says - ClientConnectorError: Cannot connect to host api.telegram.org:443 ssl:default [None]
WARNING:aiogram.dispatcher:Sleep for 5.003009 seconds and try again... (tryings = 9, bot id = 8922360706)
ERROR:aiogram.dispatcher:Failed to fetch updates - TelegramNetworkError: HTTP Client says - ClientConnectorError: Cannot connect to host api.telegram.org:443 ssl:default [None]
WARNING:aiogram.dispatcher:Sleep for 5.062453 seconds and try again... (tryings = 10, bot id = 8922360706)
ERROR:aiogram.dispatcher:Failed to fetch updates - TelegramNetworkError: HTTP Client says - ClientConnectorError: Cannot connect to host api.telegram.org:443 ssl:default [None]
WARNING:aiogram.dispatcher:Sleep for 4.790331 seconds and try again... (tryings = 11, bot id = 8922360706)
ERROR:aiogram.dispatcher:Failed to fetch updates - TelegramNetworkError: HTTP Client says - ClientConnectorError: Cannot connect to host api.telegram.org:443 ssl:default [None]
WARNING:aiogram.dispatcher:Sleep for 5.057378 seconds and try again... (tryings = 12, bot id = 8922360706)
ERROR:aiogram.dispatcher:Failed to fetch updates - TelegramNetworkError: HTTP Client says - ClientConnectorError: Cannot connect to host api.telegram.org:443 ssl:default [None]
WARNING:aiogram.dispatcher:Sleep for 4.887733 seconds and try again... (tryings = 13, bot id = 8922360706)
ERROR:aiogram.dispatcher:Failed to fetch updates - TelegramNetworkError: HTTP Client says - ClientConnectorError: Cannot connect to host api.telegram.org:443 ssl:default [None]
WARNING:aiogram.dispatcher:Sleep for 5.075583 seconds and try again... (tryings = 14, bot id = 8922360706)
ERROR:aiogram.dispatcher:Failed to fetch updates - TelegramNetworkError: HTTP Client says - ClientConnectorError: Cannot connect to host api.telegram.org:443 ssl:default [None]
WARNING:aiogram.dispatcher:Sleep for 4.944475 seconds and try again... (tryings = 15, bot id = 8922360706)
ERROR:aiogram.dispatcher:Failed to fetch updates - TelegramNetworkError: HTTP Client says - Request timeout error
WARNING:aiogram.dispatcher:Sleep for 4.985502 seconds and try again... (tryings = 16, bot id = 8922360706)
INFO:aiogram.dispatcher:Connection established (tryings = 17, bot id = 8922360706)
ERROR:aiogram.dispatcher:Failed to fetch updates - TelegramNetworkError: HTTP Client says - Request timeout error
WARNING:aiogram.dispatcher:Sleep for 1.000000 seconds and try again... (tryings = 0, bot id = 8922360706)
INFO:aiogram.dispatcher:Connection established (tryings = 1, bot id = 8922360706)
ERROR:aiogram.dispatcher:Failed to fetch updates - TelegramNetworkError: HTTP Client says - Request timeout error
WARNING:aiogram.dispatcher:Sleep for 1.000000 seconds and try again... (tryings = 0, bot id = 8922360706)
INFO:aiogram.dispatcher:Connection established (tryings = 1, bot id = 8922360706)
ERROR:aiogram.dispatcher:Failed to fetch updates - TelegramNetworkError: HTTP Client says - Request timeout error
WARNING:aiogram.dispatcher:Sleep for 1.000000 seconds and try again... (tryings = 0, bot id = 8922360706)
ERROR:aiogram.dispatcher:Failed to fetch updates - TelegramNetworkError: HTTP Client says - ClientConnectorError: Cannot connect to host api.telegram.org:443 ssl:default [Network is unreachable]
WARNING:aiogram.dispatcher:Sleep for 1.209559 seconds and try again... (tryings = 1, bot id = 8922360706)
ERROR:aiogram.dispatcher:Failed to fetch updates - TelegramNetworkError: HTTP Client says - ClientConnectorError: Cannot connect to host api.telegram.org:443 ssl:default [Network is unreachable]
WARNING:aiogram.dispatcher:Sleep for 1.710248 seconds and try again... (tryings = 2, bot id = 8922360706)
ERROR:aiogram.dispatcher:Failed to fetch updates - TelegramNetworkError: HTTP Client says - ClientConnectorError: Cannot connect to host api.telegram.org:443 ssl:default [Network is unreachable]
WARNING:aiogram.dispatcher:Sleep for 2.281985 seconds and try again... (tryings = 3, bot id = 8922360706)
ERROR:aiogram.dispatcher:Failed to fetch updates - TelegramNetworkError: HTTP Client says - ClientConnectorError: Cannot connect to host api.telegram.org:443 ssl:default [Network is unreachable]
WARNING:aiogram.dispatcher:Sleep for 2.860278 seconds and try again... (tryings = 4, bot id = 8922360706)
ERROR:aiogram.dispatcher:Failed to fetch updates - TelegramNetworkError: HTTP Client says - ClientConnectorError: Cannot connect to host api.telegram.org:443 ssl:default [Network is unreachable]
WARNING:aiogram.dispatcher:Sleep for 3.750851 seconds and try again... (tryings = 5, bot id = 8922360706)
ERROR:aiogram.dispatcher:Failed to fetch updates - TelegramNetworkError: HTTP Client says - ClientConnectorError: Cannot connect to host api.telegram.org:443 ssl:default [Network is unreachable]
WARNING:aiogram.dispatcher:Sleep for 4.872981 seconds and try again... (tryings = 6, bot id = 8922360706)
ERROR:aiogram.dispatcher:Failed to fetch updates - TelegramNetworkError: HTTP Client says - ClientConnectorError: Cannot connect to host api.telegram.org:443 ssl:default [Network is unreachable]
WARNING:aiogram.dispatcher:Sleep for 5.010231 seconds and try again... (tryings = 7, bot id = 8922360706)
ERROR:aiogram.dispatcher:Failed to fetch updates - TelegramNetworkError: HTTP Client says - ClientConnectorError: Cannot connect to host api.telegram.org:443 ssl:default [Network is unreachable]
WARNING:aiogram.dispatcher:Sleep for 4.982755 seconds and try again... (tryings = 8, bot id = 8922360706)
ERROR:aiogram.dispatcher:Failed to fetch updates - TelegramNetworkError: HTTP Client says - ClientConnectorError: Cannot connect to host api.telegram.org:443 ssl:default [Network is unreachable]
WARNING:aiogram.dispatcher:Sleep for 4.943384 seconds and try again... (tryings = 9, bot id = 8922360706)
ERROR:aiogram.dispatcher:Failed to fetch updates - TelegramNetworkError: HTTP Client says - ClientConnectorError: Cannot connect to host api.telegram.org:443 ssl:default [Network is unreachable]
WARNING:aiogram.dispatcher:Sleep for 5.024843 seconds and try again... (tryings = 10, bot id = 8922360706)
ERROR:aiogram.dispatcher:Failed to fetch updates - TelegramNetworkError: HTTP Client says - ClientConnectorError: Cannot connect to host api.telegram.org:443 ssl:default [Network is unreachable]
WARNING:aiogram.dispatcher:Sleep for 5.107412 seconds and try again... (tryings = 11, bot id = 8922360706)
ERROR:aiogram.dispatcher:Failed to fetch updates - TelegramNetworkError: HTTP Client says - ClientConnectorError: Cannot connect to host api.telegram.org:443 ssl:default [Network is unreachable]
WARNING:aiogram.dispatcher:Sleep for 4.924616 seconds and try again... (tryings = 12, bot id = 8922360706)
ERROR:aiogram.dispatcher:Failed to fetch updates - TelegramNetworkError: HTTP Client says - ClientConnectorError: Cannot connect to host api.telegram.org:443 ssl:default [Network is unreachable]
WARNING:aiogram.dispatcher:Sleep for 4.902874 seconds and try again... (tryings = 13, bot id = 8922360706)
ERROR:aiogram.dispatcher:Failed to fetch updates - TelegramNetworkError: HTTP Client says - ClientConnectorError: Cannot connect to host api.telegram.org:443 ssl:default [Network is unreachable]
WARNING:aiogram.dispatcher:Sleep for 4.799006 seconds and try again... (tryings = 14, bot id = 8922360706)
ERROR:aiogram.dispatcher:Failed to fetch updates - TelegramNetworkError: HTTP Client says - ClientConnectorError: Cannot connect to host api.telegram.org:443 ssl:default [Network is unreachable]
WARNING:aiogram.dispatcher:Sleep for 4.956599 seconds and try again... (tryings = 15, bot id = 8922360706)
ERROR:aiogram.dispatcher:Failed to fetch updates - TelegramNetworkError: HTTP Client says - ClientConnectorError: Cannot connect to host api.telegram.org:443 ssl:default [Network is unreachable]
WARNING:aiogram.dispatcher:Sleep for 4.903547 seconds and try again... (tryings = 16, bot id = 8922360706)
ERROR:aiogram.dispatcher:Failed to fetch updates - TelegramNetworkError: HTTP Client says - ClientConnectorError: Cannot connect to host api.telegram.org:443 ssl:default [Network is unreachable]
WARNING:aiogram.dispatcher:Sleep for 4.874090 seconds and try again... (tryings = 17, bot id = 8922360706)
ERROR:aiogram.dispatcher:Failed to fetch updates - TelegramNetworkError: HTTP Client says - ClientConnectorError: Cannot connect to host api.telegram.org:443 ssl:default [Network is unreachable]
WARNING:aiogram.dispatcher:Sleep for 5.094098 seconds and try again... (tryings = 18, bot id = 8922360706)
ERROR:aiogram.dispatcher:Failed to fetch updates - TelegramNetworkError: HTTP Client says - ClientConnectorError: Cannot connect to host api.telegram.org:443 ssl:default [Network is unreachable]
WARNING:aiogram.dispatcher:Sleep for 4.962338 seconds and try again... (tryings = 19, bot id = 8922360706)
ERROR:aiogram.dispatcher:Failed to fetch updates - TelegramNetworkError: HTTP Client says - Request timeout error
WARNING:aiogram.dispatcher:Sleep for 5.099268 seconds and try again... (tryings = 20, bot id = 8922360706)
ERROR:aiogram.dispatcher:Failed to fetch updates - TelegramNetworkError: HTTP Client says - ClientConnectorError: Cannot connect to host api.telegram.org:443 ssl:default [Connect call failed ('149.154.166.110', 443)]
WARNING:aiogram.dispatcher:Sleep for 5.115158 seconds and try again... (tryings = 21, bot id = 8922360706)
ERROR:aiogram.dispatcher:Failed to fetch updates - TelegramNetworkError: HTTP Client says - ClientConnectorError: Cannot connect to host api.telegram.org:443 ssl:default [Connect call failed ('149.154.166.110', 443)]
WARNING:aiogram.dispatcher:Sleep for 5.006284 seconds and try again... (tryings = 22, bot id = 8922360706)
ERROR:aiogram.dispatcher:Failed to fetch updates - TelegramNetworkError: HTTP Client says - ClientConnectorError: Cannot connect to host api.telegram.org:443 ssl:default [Connect call failed ('149.154.166.110', 443)]
WARNING:aiogram.dispatcher:Sleep for 5.004852 seconds and try again... (tryings = 23, bot id = 8922360706)
ERROR:aiogram.dispatcher:Failed to fetch updates - TelegramNetworkError: HTTP Client says - ClientConnectorError: Cannot connect to host api.telegram.org:443 ssl:default [Connect call failed ('149.154.166.110', 443)]
WARNING:aiogram.dispatcher:Sleep for 5.048941 seconds and try again... (tryings = 24, bot id = 8922360706)
ERROR:aiogram.dispatcher:Failed to fetch updates - TelegramNetworkError: HTTP Client says - ClientConnectorError: Cannot connect to host api.telegram.org:443 ssl:default [Connect call failed ('149.154.166.110', 443)]
WARNING:aiogram.dispatcher:Sleep for 4.870769 seconds and try again... (tryings = 25, bot id = 8922360706)
ERROR:aiogram.dispatcher:Failed to fetch updates - TelegramNetworkError: HTTP Client says - ClientConnectorError: Cannot connect to host api.telegram.org:443 ssl:default [Network is unreachable]
WARNING:aiogram.dispatcher:Sleep for 5.005932 seconds and try again... (tryings = 26, bot id = 8922360706)
ERROR:aiogram.dispatcher:Failed to fetch updates - TelegramNetworkError: HTTP Client says - ClientConnectorError: Cannot connect to host api.telegram.org:443 ssl:default [Network is unreachable]
WARNING:aiogram.dispatcher:Sleep for 4.989969 seconds and try again... (tryings = 27, bot id = 8922360706)
ERROR:aiogram.dispatcher:Failed to fetch updates - TelegramNetworkError: HTTP Client says - ClientConnectorError: Cannot connect to host api.telegram.org:443 ssl:default [Network is unreachable]
WARNING:aiogram.dispatcher:Sleep for 5.030509 seconds and try again... (tryings = 28, bot id = 8922360706)
ERROR:aiogram.dispatcher:Failed to fetch updates - TelegramNetworkError: HTTP Client says - ClientConnectorError: Cannot connect to host api.telegram.org:443 ssl:default [Network is unreachable]
WARNING:aiogram.dispatcher:Sleep for 4.953588 seconds and try again... (tryings = 29, bot id = 8922360706)
ERROR:aiogram.dispatcher:Failed to fetch updates - TelegramNetworkError: HTTP Client says - ClientConnectorError: Cannot connect to host api.telegram.org:443 ssl:default [Network is unreachable]
WARNING:aiogram.dispatcher:Sleep for 4.971150 seconds and try again... (tryings = 30, bot id = 8922360706)
ERROR:aiogram.dispatcher:Failed to fetch updates - TelegramNetworkError: HTTP Client says - ClientConnectorError: Cannot connect to host api.telegram.org:443 ssl:default [Network is unreachable]
WARNING:aiogram.dispatcher:Sleep for 4.936981 seconds and try again... (tryings = 31, bot id = 8922360706)
ERROR:aiogram.dispatcher:Failed to fetch updates - TelegramNetworkError: HTTP Client says - ClientConnectorError: Cannot connect to host api.telegram.org:443 ssl:default [Network is unreachable]
WARNING:aiogram.dispatcher:Sleep for 4.957257 seconds and try again... (tryings = 32, bot id = 8922360706)
ERROR:aiogram.dispatcher:Failed to fetch updates - TelegramNetworkError: HTTP Client says - ClientConnectorError: Cannot connect to host api.telegram.org:443 ssl:default [Network is unreachable]
WARNING:aiogram.dispatcher:Sleep for 5.019972 seconds and try again... (tryings = 33, bot id = 8922360706)
ERROR:aiogram.dispatcher:Failed to fetch updates - TelegramNetworkError: HTTP Client says - ClientConnectorError: Cannot connect to host api.telegram.org:443 ssl:default [Network is unreachable]
WARNING:aiogram.dispatcher:Sleep for 5.016286 seconds and try again... (tryings = 34, bot id = 8922360706)
ERROR:aiogram.dispatcher:Failed to fetch updates - TelegramNetworkError: HTTP Client says - ClientConnectorError: Cannot connect to host api.telegram.org:443 ssl:default [Network is unreachable]
WARNING:aiogram.dispatcher:Sleep for 5.114103 seconds and try again... (tryings = 35, bot id = 8922360706)
ERROR:aiogram.dispatcher:Failed to fetch updates - TelegramNetworkError: HTTP Client says - ClientConnectorError: Cannot connect to host api.telegram.org:443 ssl:default [Network is unreachable]
WARNING:aiogram.dispatcher:Sleep for 4.901601 seconds and try again... (tryings = 36, bot id = 8922360706)
ERROR:aiogram.dispatcher:Failed to fetch updates - TelegramNetworkError: HTTP Client says - ClientConnectorError: Cannot connect to host api.telegram.org:443 ssl:default [Network is unreachable]
WARNING:aiogram.dispatcher:Sleep for 4.962352 seconds and try again... (tryings = 37, bot id = 8922360706)
ERROR:aiogram.dispatcher:Failed to fetch updates - TelegramNetworkError: HTTP Client says - ClientConnectorError: Cannot connect to host api.telegram.org:443 ssl:default [Network is unreachable]
WARNING:aiogram.dispatcher:Sleep for 4.968397 seconds and try again... (tryings = 38, bot id = 8922360706)
ERROR:aiogram.dispatcher:Failed to fetch updates - TelegramNetworkError: HTTP Client says - ClientConnectorError: Cannot connect to host api.telegram.org:443 ssl:default [Network is unreachable]
WARNING:aiogram.dispatcher:Sleep for 5.042439 seconds and try again... (tryings = 39, bot id = 8922360706)
ERROR:aiogram.dispatcher:Failed to fetch updates - TelegramNetworkError: HTTP Client says - ClientConnectorError: Cannot connect to host api.telegram.org:443 ssl:default [Network is unreachable]
WARNING:aiogram.dispatcher:Sleep for 5.108050 seconds and try again... (tryings = 40, bot id = 8922360706)
ERROR:aiogram.dispatcher:Failed to fetch updates - TelegramNetworkError: HTTP Client says - ClientConnectorError: Cannot connect to host api.telegram.org:443 ssl:default [Network is unreachable]
WARNING:aiogram.dispatcher:Sleep for 5.181799 seconds and try again... (tryings = 41, bot id = 8922360706)
ERROR:aiogram.dispatcher:Failed to fetch updates - TelegramNetworkError: HTTP Client says - ClientConnectorError: Cannot connect to host api.telegram.org:443 ssl:default [Network is unreachable]
WARNING:aiogram.dispatcher:Sleep for 4.966952 seconds and try again... (tryings = 42, bot id = 8922360706)
ERROR:aiogram.dispatcher:Failed to fetch updates - TelegramNetworkError: HTTP Client says - ClientConnectorError: Cannot connect to host api.telegram.org:443 ssl:default [Connect call failed ('149.154.166.110', 443)]
WARNING:aiogram.dispatcher:Sleep for 4.682648 seconds and try again... (tryings = 43, bot id = 8922360706)
ERROR:aiogram.dispatcher:Failed to fetch updates - TelegramNetworkError: HTTP Client says - ClientConnectorError: Cannot connect to host api.telegram.org:443 ssl:default [Connect call failed ('149.154.166.110', 443)]
WARNING:aiogram.dispatcher:Sleep for 4.828660 seconds and try again... (tryings = 44, bot id = 8922360706)
INFO:aiogram.dispatcher:Connection established (tryings = 45, bot id = 8922360706)
ERROR:aiogram.dispatcher:Failed to fetch updates - TelegramNetworkError: HTTP Client says - Request timeout error
WARNING:aiogram.dispatcher:Sleep for 1.000000 seconds and try again... (tryings = 0, bot id = 8922360706)
ERROR:aiogram.dispatcher:Failed to fetch updates - TelegramNetworkError: HTTP Client says - Request timeout error
WARNING:aiogram.dispatcher:Sleep for 1.307895 seconds and try again... (tryings = 1, bot id = 8922360706)
ERROR:aiogram.dispatcher:Failed to fetch updates - TelegramNetworkError: HTTP Client says - Request timeout error
WARNING:aiogram.dispatcher:Sleep for 1.655398 seconds and try again... (tryings = 2, bot id = 8922360706)
INFO:aiogram.dispatcher:Connection established (tryings = 3, bot id = 8922360706)
ERROR:aiogram.dispatcher:Failed to fetch updates - TelegramNetworkError: HTTP Client says - Request timeout error
WARNING:aiogram.dispatcher:Sleep for 1.000000 seconds and try again... (tryings = 0, bot id = 8922360706)
ERROR:aiogram.dispatcher:Failed to fetch updates - TelegramNetworkError: HTTP Client says - Request timeout error
WARNING:aiogram.dispatcher:Sleep for 1.227107 seconds and try again... (tryings = 1, bot id = 8922360706)
ERROR:aiogram.dispatcher:Failed to fetch updates - TelegramNetworkError: HTTP Client says - Request timeout error
WARNING:aiogram.dispatcher:Sleep for 1.500946 seconds and try again... (tryings = 2, bot id = 8922360706)
ERROR:aiogram.dispatcher:Failed to fetch updates - TelegramNetworkError: HTTP Client says - Request timeout error
WARNING:aiogram.dispatcher:Sleep for 1.888893 seconds and try again... (tryings = 3, bot id = 8922360706)
ERROR:aiogram.dispatcher:Failed to fetch updates - TelegramNetworkError: HTTP Client says - Request timeout error
WARNING:aiogram.dispatcher:Sleep for 2.580288 seconds and try again... (tryings = 4, bot id = 8922360706)
ERROR:aiogram.dispatcher:Failed to fetch updates - TelegramNetworkError: HTTP Client says - Request timeout error
WARNING:aiogram.dispatcher:Sleep for 3.186604 seconds and try again... (tryings = 5, bot id = 8922360706)
ERROR:aiogram.dispatcher:Failed to fetch updates - TelegramNetworkError: HTTP Client says - Request timeout error
WARNING:aiogram.dispatcher:Sleep for 4.078561 seconds and try again... (tryings = 6, bot id = 8922360706)
ERROR:aiogram.dispatcher:Failed to fetch updates - TelegramNetworkError: HTTP Client says - Request timeout error
WARNING:aiogram.dispatcher:Sleep for 5.128359 seconds and try again... (tryings = 7, bot id = 8922360706)
ERROR:aiogram.dispatcher:Failed to fetch updates - TelegramNetworkError: HTTP Client says - Request timeout error
WARNING:aiogram.dispatcher:Sleep for 4.902424 seconds and try again... (tryings = 8, bot id = 8922360706)
ERROR:aiogram.dispatcher:Failed to fetch updates - TelegramNetworkError: HTTP Client says - Request timeout error
WARNING:aiogram.dispatcher:Sleep for 4.975008 seconds and try again... (tryings = 9, bot id = 8922360706)
ERROR:aiogram.dispatcher:Failed to fetch updates - TelegramNetworkError: HTTP Client says - Request timeout error
WARNING:aiogram.dispatcher:Sleep for 4.871034 seconds and try again... (tryings = 10, bot id = 8922360706)
ERROR:aiogram.dispatcher:Failed to fetch updates - TelegramNetworkError: HTTP Client says - Request timeout error
WARNING:aiogram.dispatcher:Sleep for 5.047502 seconds and try again... (tryings = 11, bot id = 8922360706)
ERROR:aiogram.dispatcher:Failed to fetch updates - TelegramNetworkError: HTTP Client says - Request timeout error
WARNING:aiogram.dispatcher:Sleep for 4.784412 seconds and try again... (tryings = 12, bot id = 8922360706)
ERROR:aiogram.dispatcher:Failed to fetch updates - TelegramNetworkError: HTTP Client says - Request timeout error
WARNING:aiogram.dispatcher:Sleep for 4.861910 seconds and try again... (tryings = 13, bot id = 8922360706)
ERROR:aiogram.dispatcher:Failed to fetch updates - TelegramNetworkError: HTTP Client says - Request timeout error
WARNING:aiogram.dispatcher:Sleep for 5.048607 seconds and try again... (tryings = 14, bot id = 8922360706)
ERROR:aiogram.dispatcher:Failed to fetch updates - TelegramNetworkError: HTTP Client says - Request timeout error
WARNING:aiogram.dispatcher:Sleep for 4.923039 seconds and try again... (tryings = 15, bot id = 8922360706)
ERROR:aiogram.dispatcher:Failed to fetch updates - TelegramNetworkError: HTTP Client says - Request timeout error
WARNING:aiogram.dispatcher:Sleep for 4.990311 seconds and try again... (tryings = 16, bot id = 8922360706)
ERROR:aiogram.dispatcher:Failed to fetch updates - TelegramNetworkError: HTTP Client says - Request timeout error
WARNING:aiogram.dispatcher:Sleep for 5.073579 seconds and try again... (tryings = 17, bot id = 8922360706)
ERROR:aiogram.dispatcher:Failed to fetch updates - TelegramNetworkError: HTTP Client says - Request timeout error
WARNING:aiogram.dispatcher:Sleep for 5.076247 seconds and try again... (tryings = 18, bot id = 8922360706)
ERROR:aiogram.dispatcher:Failed to fetch updates - TelegramNetworkError: HTTP Client says - Request timeout error
WARNING:aiogram.dispatcher:Sleep for 5.087558 seconds and try again... (tryings = 19, bot id = 8922360706)
ERROR:aiogram.dispatcher:Failed to fetch updates - TelegramNetworkError: HTTP Client says - Request timeout error
WARNING:aiogram.dispatcher:Sleep for 4.944787 seconds and try again... (tryings = 20, bot id = 8922360706)
ERROR:aiogram.dispatcher:Failed to fetch updates - TelegramNetworkError: HTTP Client says - Request timeout error
WARNING:aiogram.dispatcher:Sleep for 5.167036 seconds and try again... (tryings = 21, bot id = 8922360706)
ERROR:aiogram.dispatcher:Failed to fetch updates - TelegramNetworkError: HTTP Client says - Request timeout error
WARNING:aiogram.dispatcher:Sleep for 4.967184 seconds and try again... (tryings = 22, bot id = 8922360706)
ERROR:aiogram.dispatcher:Failed to fetch updates - TelegramNetworkError: HTTP Client says - Request timeout error
WARNING:aiogram.dispatcher:Sleep for 4.943347 seconds and try again... (tryings = 23, bot id = 8922360706)
ERROR:aiogram.dispatcher:Failed to fetch updates - TelegramNetworkError: HTTP Client says - Request timeout error
WARNING:aiogram.dispatcher:Sleep for 4.997172 seconds and try again... (tryings = 24, bot id = 8922360706)
INFO:aiogram.dispatcher:Connection established (tryings = 25, bot id = 8922360706)
ERROR:aiogram.dispatcher:Failed to fetch updates - TelegramNetworkError: HTTP Client says - Request timeout error
WARNING:aiogram.dispatcher:Sleep for 1.000000 seconds and try again... (tryings = 0, bot id = 8922360706)
ERROR:aiogram.dispatcher:Failed to fetch updates - TelegramNetworkError: HTTP Client says - Request timeout error
WARNING:aiogram.dispatcher:Sleep for 1.508311 seconds and try again... (tryings = 1, bot id = 8922360706)
INFO:aiogram.dispatcher:Connection established (tryings = 2, bot id = 8922360706)
ERROR:aiogram.dispatcher:Failed to fetch updates - TelegramNetworkError: HTTP Client says - Request timeout error
WARNING:aiogram.dispatcher:Sleep for 1.000000 seconds and try again... (tryings = 0, bot id = 8922360706)
ERROR:aiogram.dispatcher:Failed to fetch updates - TelegramNetworkError: HTTP Client says - Request timeout error
WARNING:aiogram.dispatcher:Sleep for 1.346272 seconds and try again... (tryings = 1, bot id = 8922360706)
ERROR:aiogram.dispatcher:Failed to fetch updates - TelegramNetworkError: HTTP Client says - Request timeout error
WARNING:aiogram.dispatcher:Sleep for 1.803943 seconds and try again... (tryings = 2, bot id = 8922360706)
ERROR:aiogram.dispatcher:Failed to fetch updates - TelegramNetworkError: HTTP Client says - Request timeout error
WARNING:aiogram.dispatcher:Sleep for 2.306634 seconds and try again... (tryings = 3, bot id = 8922360706)
INFO:aiogram.dispatcher:Connection established (tryings = 4, bot id = 8922360706)
ERROR:aiogram.dispatcher:Failed to fetch updates - TelegramNetworkError: HTTP Client says - Request timeout error
WARNING:aiogram.dispatcher:Sleep for 1.000000 seconds and try again... (tryings = 0, bot id = 8922360706)
INFO:aiogram.dispatcher:Connection established (tryings = 1, bot id = 8922360706)
ERROR:aiogram.dispatcher:Failed to fetch updates - TelegramNetworkError: HTTP Client says - ServerDisconnectedError: Server disconnected
WARNING:aiogram.dispatcher:Sleep for 1.000000 seconds and try again... (tryings = 0, bot id = 8922360706)
ERROR:aiogram.dispatcher:Failed to fetch updates - TelegramNetworkError: HTTP Client says - Request timeout error
WARNING:aiogram.dispatcher:Sleep for 1.146224 seconds and try again... (tryings = 1, bot id = 8922360706)
ERROR:aiogram.dispatcher:Failed to fetch updates - TelegramNetworkError: HTTP Client says - Request timeout error
WARNING:aiogram.dispatcher:Sleep for 1.665283 seconds and try again... (tryings = 2, bot id = 8922360706)
ERROR:aiogram.dispatcher:Failed to fetch updates - TelegramNetworkError: HTTP Client says - ServerDisconnectedError: Server disconnected
WARNING:aiogram.dispatcher:Sleep for 2.166108 seconds and try again... (tryings = 3, bot id = 8922360706)
ERROR:aiogram.dispatcher:Failed to fetch updates - TelegramNetworkError: HTTP Client says - Request timeout error
WARNING:aiogram.dispatcher:Sleep for 2.830089 seconds and try again... (tryings = 4, bot id = 8922360706)
INFO:aiogram.dispatcher:Connection established (tryings = 5, bot id = 8922360706)
ERROR:aiogram.dispatcher:Failed to fetch updates - TelegramNetworkError: HTTP Client says - Request timeout error
WARNING:aiogram.dispatcher:Sleep for 1.000000 seconds and try again... (tryings = 0, bot id = 8922360706)
ERROR:aiogram.dispatcher:Failed to fetch updates - TelegramNetworkError: HTTP Client says - ClientConnectorError: Cannot connect to host api.telegram.org:443 ssl:default [None]
WARNING:aiogram.dispatcher:Sleep for 1.322158 seconds and try again... (tryings = 1, bot id = 8922360706)
ERROR:aiogram.dispatcher:Failed to fetch updates - TelegramNetworkError: HTTP Client says - ClientConnectorError: Cannot connect to host api.telegram.org:443 ssl:default [None]
WARNING:aiogram.dispatcher:Sleep for 1.513148 seconds and try again... (tryings = 2, bot id = 8922360706)
ERROR:aiogram.dispatcher:Failed to fetch updates - TelegramNetworkError: HTTP Client says - ClientConnectorError: Cannot connect to host api.telegram.org:443 ssl:default [None]
WARNING:aiogram.dispatcher:Sleep for 1.882233 seconds and try again... (tryings = 3, bot id = 8922360706)
ERROR:aiogram.dispatcher:Failed to fetch updates - TelegramNetworkError: HTTP Client says - ClientConnectorError: Cannot connect to host api.telegram.org:443 ssl:default [None]
WARNING:aiogram.dispatcher:Sleep for 2.516101 seconds and try again... (tryings = 4, bot id = 8922360706)
ERROR:aiogram.dispatcher:Failed to fetch updates - TelegramNetworkError: HTTP Client says - ClientConnectorError: Cannot connect to host api.telegram.org:443 ssl:default [None]
WARNING:aiogram.dispatcher:Sleep for 3.195056 seconds and try again... (tryings = 5, bot id = 8922360706)
ERROR:aiogram.dispatcher:Failed to fetch updates - TelegramNetworkError: HTTP Client says - ClientConnectorError: Cannot connect to host api.telegram.org:443 ssl:default [None]
WARNING:aiogram.dispatcher:Sleep for 4.119848 seconds and try again... (tryings = 6, bot id = 8922360706)
ERROR:aiogram.dispatcher:Failed to fetch updates - TelegramNetworkError: HTTP Client says - ClientConnectorError: Cannot connect to host api.telegram.org:443 ssl:default [None]
WARNING:aiogram.dispatcher:Sleep for 5.235416 seconds and try again... (tryings = 7, bot id = 8922360706)
ERROR:aiogram.dispatcher:Failed to fetch updates - TelegramNetworkError: HTTP Client says - ClientConnectorError: Cannot connect to host api.telegram.org:443 ssl:default [None]
WARNING:aiogram.dispatcher:Sleep for 5.062179 seconds and try again... (tryings = 8, bot id = 8922360706)
ERROR:aiogram.dispatcher:Failed to fetch updates - TelegramNetworkError: HTTP Client says - ClientConnectorError: Cannot connect to host api.telegram.org:443 ssl:default [None]
WARNING:aiogram.dispatcher:Sleep for 5.003544 seconds and try again... (tryings = 9, bot id = 8922360706)
ERROR:aiogram.dispatcher:Failed to fetch updates - TelegramNetworkError: HTTP Client says - ClientConnectorError: Cannot connect to host api.telegram.org:443 ssl:default [None]
WARNING:aiogram.dispatcher:Sleep for 5.084732 seconds and try again... (tryings = 10, bot id = 8922360706)
ERROR:aiogram.dispatcher:Failed to fetch updates - TelegramNetworkError: HTTP Client says - ClientConnectorError: Cannot connect to host api.telegram.org:443 ssl:default [None]
WARNING:aiogram.dispatcher:Sleep for 4.897825 seconds and try again... (tryings = 11, bot id = 8922360706)
ERROR:aiogram.dispatcher:Failed to fetch updates - TelegramNetworkError: HTTP Client says - ClientConnectorError: Cannot connect to host api.telegram.org:443 ssl:default [None]
WARNING:aiogram.dispatcher:Sleep for 5.024417 seconds and try again... (tryings = 12, bot id = 8922360706)
ERROR:aiogram.dispatcher:Failed to fetch updates - TelegramNetworkError: HTTP Client says - ClientConnectorError: Cannot connect to host api.telegram.org:443 ssl:default [None]
WARNING:aiogram.dispatcher:Sleep for 4.906121 seconds and try again... (tryings = 13, bot id = 8922360706)
ERROR:aiogram.dispatcher:Failed to fetch updates - TelegramNetworkError: HTTP Client says - ClientConnectorError: Cannot connect to host api.telegram.org:443 ssl:default [None]
WARNING:aiogram.dispatcher:Sleep for 5.139467 seconds and try again... (tryings = 14, bot id = 8922360706)
ERROR:aiogram.dispatcher:Failed to fetch updates - TelegramNetworkError: HTTP Client says - ClientConnectorError: Cannot connect to host api.telegram.org:443 ssl:default [None]
WARNING:aiogram.dispatcher:Sleep for 4.855990 seconds and try again... (tryings = 15, bot id = 8922360706)
ERROR:aiogram.dispatcher:Failed to fetch updates - TelegramNetworkError: HTTP Client says - ClientConnectorError: Cannot connect to host api.telegram.org:443 ssl:default [None]
WARNING:aiogram.dispatcher:Sleep for 5.138569 seconds and try again... (tryings = 16, bot id = 8922360706)
ERROR:aiogram.dispatcher:Failed to fetch updates - TelegramNetworkError: HTTP Client says - ClientConnectorError: Cannot connect to host api.telegram.org:443 ssl:default [None]
WARNING:aiogram.dispatcher:Sleep for 5.078692 seconds and try again... (tryings = 17, bot id = 8922360706)
ERROR:aiogram.dispatcher:Failed to fetch updates - TelegramNetworkError: HTTP Client says - ClientConnectorError: Cannot connect to host api.telegram.org:443 ssl:default [None]
WARNING:aiogram.dispatcher:Sleep for 5.206037 seconds and try again... (tryings = 18, bot id = 8922360706)
ERROR:aiogram.dispatcher:Failed to fetch updates - TelegramNetworkError: HTTP Client says - ClientConnectorError: Cannot connect to host api.telegram.org:443 ssl:default [None]
WARNING:aiogram.dispatcher:Sleep for 4.868239 seconds and try again... (tryings = 19, bot id = 8922360706)
ERROR:aiogram.dispatcher:Failed to fetch updates - TelegramNetworkError: HTTP Client says - ClientConnectorError: Cannot connect to host api.telegram.org:443 ssl:default [None]
WARNING:aiogram.dispatcher:Sleep for 4.878715 seconds and try again... (tryings = 20, bot id = 8922360706)
ERROR:aiogram.dispatcher:Failed to fetch updates - TelegramNetworkError: HTTP Client says - ClientConnectorError: Cannot connect to host api.telegram.org:443 ssl:default [None]
WARNING:aiogram.dispatcher:Sleep for 5.236358 seconds and try again... (tryings = 21, bot id = 8922360706)
ERROR:aiogram.dispatcher:Failed to fetch updates - TelegramNetworkError: HTTP Client says - Request timeout error
WARNING:aiogram.dispatcher:Sleep for 4.953036 seconds and try again... (tryings = 22, bot id = 8922360706)
ERROR:aiogram.dispatcher:Failed to fetch updates - TelegramNetworkError: HTTP Client says - ClientConnectorError: Cannot connect to host api.telegram.org:443 ssl:default [None]
WARNING:aiogram.dispatcher:Sleep for 5.043327 seconds and try again... (tryings = 23, bot id = 8922360706)
ERROR:aiogram.dispatcher:Failed to fetch updates - TelegramNetworkError: HTTP Client says - ClientConnectorError: Cannot connect to host api.telegram.org:443 ssl:default [None]
WARNING:aiogram.dispatcher:Sleep for 4.899886 seconds and try again... (tryings = 24, bot id = 8922360706)
ERROR:aiogram.dispatcher:Failed to fetch updates - TelegramNetworkError: HTTP Client says - ClientConnectorError: Cannot connect to host api.telegram.org:443 ssl:default [None]
WARNING:aiogram.dispatcher:Sleep for 5.080494 seconds and try again... (tryings = 25, bot id = 8922360706)
ERROR:aiogram.dispatcher:Failed to fetch updates - TelegramNetworkError: HTTP Client says - ClientConnectorError: Cannot connect to host api.telegram.org:443 ssl:default [None]
WARNING:aiogram.dispatcher:Sleep for 4.872492 seconds and try again... (tryings = 26, bot id = 8922360706)
ERROR:aiogram.dispatcher:Failed to fetch updates - TelegramNetworkError: HTTP Client says - ClientConnectorError: Cannot connect to host api.telegram.org:443 ssl:default [None]
WARNING:aiogram.dispatcher:Sleep for 5.154533 seconds and try again... (tryings = 27, bot id = 8922360706)
ERROR:aiogram.dispatcher:Failed to fetch updates - TelegramNetworkError: HTTP Client says - ClientConnectorError: Cannot connect to host api.telegram.org:443 ssl:default [None]
WARNING:aiogram.dispatcher:Sleep for 5.155671 seconds and try again... (tryings = 28, bot id = 8922360706)
ERROR:aiogram.dispatcher:Failed to fetch updates - TelegramNetworkError: HTTP Client says - ClientConnectorError: Cannot connect to host api.telegram.org:443 ssl:default [None]
WARNING:aiogram.dispatcher:Sleep for 5.012110 seconds and try again... (tryings = 29, bot id = 8922360706)
ERROR:aiogram.dispatcher:Failed to fetch updates - TelegramNetworkError: HTTP Client says - ClientConnectorError: Cannot connect to host api.telegram.org:443 ssl:default [None]
WARNING:aiogram.dispatcher:Sleep for 5.026689 seconds and try again... (tryings = 30, bot id = 8922360706)
ERROR:aiogram.dispatcher:Failed to fetch updates - TelegramNetworkError: HTTP Client says - Request timeout error
WARNING:aiogram.dispatcher:Sleep for 4.922131 seconds and try again... (tryings = 31, bot id = 8922360706)
INFO:aiogram.dispatcher:Connection established (tryings = 32, bot id = 8922360706)
ERROR:aiogram.dispatcher:Failed to fetch updates - TelegramNetworkError: HTTP Client says - Request timeout error
WARNING:aiogram.dispatcher:Sleep for 1.000000 seconds and try again... (tryings = 0, bot id = 8922360706)
ERROR:aiogram.dispatcher:Failed to fetch updates - TelegramNetworkError: HTTP Client says - Request timeout error
WARNING:aiogram.dispatcher:Sleep for 1.346243 seconds and try again... (tryings = 1, bot id = 8922360706)
ERROR:aiogram.dispatcher:Failed to fetch updates - TelegramNetworkError: HTTP Client says - ClientConnectorError: Cannot connect to host api.telegram.org:443 ssl:default [None]
WARNING:aiogram.dispatcher:Sleep for 1.772807 seconds and try again... (tryings = 2, bot id = 8922360706)
ERROR:aiogram.dispatcher:Failed to fetch updates - TelegramNetworkError: HTTP Client says - Request timeout error
WARNING:aiogram.dispatcher:Sleep for 2.174275 seconds and try again... (tryings = 3, bot id = 8922360706)
INFO:aiogram.dispatcher:Connection established (tryings = 4, bot id = 8922360706)
ERROR:aiogram.dispatcher:Failed to fetch updates - TelegramNetworkError: HTTP Client says - ServerDisconnectedError: Server disconnected
WARNING:aiogram.dispatcher:Sleep for 1.000000 seconds and try again... (tryings = 0, bot id = 8922360706)
INFO:aiogram.dispatcher:Connection established (tryings = 1, bot id = 8922360706)
ERROR:aiogram.dispatcher:Failed to fetch updates - TelegramNetworkError: HTTP Client says - ServerDisconnectedError: Server disconnected
WARNING:aiogram.dispatcher:Sleep for 1.000000 seconds and try again... (tryings = 0, bot id = 8922360706)
INFO:aiogram.dispatcher:Connection established (tryings = 1, bot id = 8922360706)
ERROR:aiogram.dispatcher:Failed to fetch updates - TelegramNetworkError: HTTP Client says - Request timeout error
WARNING:aiogram.dispatcher:Sleep for 1.000000 seconds and try again... (tryings = 0, bot id = 8922360706)
ERROR:aiogram.dispatcher:Failed to fetch updates - TelegramNetworkError: HTTP Client says - Request timeout error
WARNING:aiogram.dispatcher:Sleep for 1.241693 seconds and try again... (tryings = 1, bot id = 8922360706)
INFO:aiogram.dispatcher:Connection established (tryings = 2, bot id = 8922360706)
ERROR:aiogram.dispatcher:Failed to fetch updates - TelegramNetworkError: HTTP Client says - Request timeout error
WARNING:aiogram.dispatcher:Sleep for 1.000000 seconds and try again... (tryings = 0, bot id = 8922360706)
ERROR:aiogram.dispatcher:Failed to fetch updates - TelegramNetworkError: HTTP Client says - Request timeout error
WARNING:aiogram.dispatcher:Sleep for 1.278631 seconds and try again... (tryings = 1, bot id = 8922360706)
ERROR:aiogram.dispatcher:Failed to fetch updates - TelegramNetworkError: HTTP Client says - Request timeout error
WARNING:aiogram.dispatcher:Sleep for 1.741893 seconds and try again... (tryings = 2, bot id = 8922360706)
ERROR:aiogram.dispatcher:Failed to fetch updates - TelegramNetworkError: HTTP Client says - Request timeout error
WARNING:aiogram.dispatcher:Sleep for 2.156703 seconds and try again... (tryings = 3, bot id = 8922360706)
ERROR:aiogram.dispatcher:Failed to fetch updates - TelegramNetworkError: HTTP Client says - Request timeout error
WARNING:aiogram.dispatcher:Sleep for 2.836617 seconds and try again... (tryings = 4, bot id = 8922360706)
INFO:aiogram.dispatcher:Connection established (tryings = 5, bot id = 8922360706)
ERROR:aiogram.dispatcher:Failed to fetch updates - TelegramNetworkError: HTTP Client says - Request timeout error
WARNING:aiogram.dispatcher:Sleep for 1.000000 seconds and try again... (tryings = 0, bot id = 8922360706)
INFO:aiogram.dispatcher:Connection established (tryings = 1, bot id = 8922360706)
ERROR:aiogram.dispatcher:Failed to fetch updates - TelegramNetworkError: HTTP Client says - Request timeout error
WARNING:aiogram.dispatcher:Sleep for 1.000000 seconds and try again... (tryings = 0, bot id = 8922360706)
ERROR:aiogram.dispatcher:Failed to fetch updates - TelegramNetworkError: HTTP Client says - ClientConnectorError: Cannot connect to host api.telegram.org:443 ssl:default [None]
WARNING:aiogram.dispatcher:Sleep for 1.289016 seconds and try again... (tryings = 1, bot id = 8922360706)
ERROR:aiogram.dispatcher:Failed to fetch updates - TelegramNetworkError: HTTP Client says - ClientConnectorError: Cannot connect to host api.telegram.org:443 ssl:default [None]
WARNING:aiogram.dispatcher:Sleep for 1.642273 seconds and try again... (tryings = 2, bot id = 8922360706)
ERROR:aiogram.dispatcher:Failed to fetch updates - TelegramNetworkError: HTTP Client says - ClientConnectorError: Cannot connect to host api.telegram.org:443 ssl:default [None]
WARNING:aiogram.dispatcher:Sleep for 2.260954 seconds and try again... (tryings = 3, bot id = 8922360706)
ERROR:aiogram.dispatcher:Failed to fetch updates - TelegramNetworkError: HTTP Client says - ClientConnectorError: Cannot connect to host api.telegram.org:443 ssl:default [None]
WARNING:aiogram.dispatcher:Sleep for 2.764335 seconds and try again... (tryings = 4, bot id = 8922360706)
ERROR:aiogram.dispatcher:Failed to fetch updates - TelegramNetworkError: HTTP Client says - ClientConnectorError: Cannot connect to host api.telegram.org:443 ssl:default [None]
WARNING:aiogram.dispatcher:Sleep for 3.611683 seconds and try again... (tryings = 5, bot id = 8922360706)
ERROR:aiogram.dispatcher:Failed to fetch updates - TelegramNetworkError: HTTP Client says - ClientConnectorError: Cannot connect to host api.telegram.org:443 ssl:default [None]
WARNING:aiogram.dispatcher:Sleep for 4.657458 seconds and try again... (tryings = 6, bot id = 8922360706)
ERROR:aiogram.dispatcher:Failed to fetch updates - TelegramNetworkError: HTTP Client says - ClientConnectorError: Cannot connect to host api.telegram.org:443 ssl:default [None]
WARNING:aiogram.dispatcher:Sleep for 5.257854 seconds and try again... (tryings = 7, bot id = 8922360706)
ERROR:aiogram.dispatcher:Failed to fetch updates - TelegramNetworkError: HTTP Client says - ClientConnectorError: Cannot connect to host api.telegram.org:443 ssl:default [None]
WARNING:aiogram.dispatcher:Sleep for 5.039707 seconds and try again... (tryings = 8, bot id = 8922360706)
ERROR:aiogram.dispatcher:Failed to fetch updates - TelegramNetworkError: HTTP Client says - ClientConnectorError: Cannot connect to host api.telegram.org:443 ssl:default [None]
WARNING:aiogram.dispatcher:Sleep for 4.845068 seconds and try again... (tryings = 9, bot id = 8922360706)
ERROR:aiogram.dispatcher:Failed to fetch updates - TelegramNetworkError: HTTP Client says - ClientConnectorError: Cannot connect to host api.telegram.org:443 ssl:default [None]
WARNING:aiogram.dispatcher:Sleep for 5.160795 seconds and try again... (tryings = 10, bot id = 8922360706)
ERROR:aiogram.dispatcher:Failed to fetch updates - TelegramNetworkError: HTTP Client says - ClientConnectorError: Cannot connect to host api.telegram.org:443 ssl:default [None]
WARNING:aiogram.dispatcher:Sleep for 4.904841 seconds and try again... (tryings = 11, bot id = 8922360706)
ERROR:aiogram.dispatcher:Failed to fetch updates - TelegramNetworkError: HTTP Client says - ClientConnectorError: Cannot connect to host api.telegram.org:443 ssl:default [None]
WARNING:aiogram.dispatcher:Sleep for 4.951436 seconds and try again... (tryings = 12, bot id = 8922360706)
ERROR:aiogram.dispatcher:Failed to fetch updates - TelegramNetworkError: HTTP Client says - ClientConnectorError: Cannot connect to host api.telegram.org:443 ssl:default [None]
WARNING:aiogram.dispatcher:Sleep for 5.121953 seconds and try again... (tryings = 13, bot id = 8922360706)
ERROR:aiogram.dispatcher:Failed to fetch updates - TelegramNetworkError: HTTP Client says - ClientConnectorError: Cannot connect to host api.telegram.org:443 ssl:default [None]
WARNING:aiogram.dispatcher:Sleep for 4.816201 seconds and try again... (tryings = 14, bot id = 8922360706)
ERROR:aiogram.dispatcher:Failed to fetch updates - TelegramNetworkError: HTTP Client says - ClientConnectorError: Cannot connect to host api.telegram.org:443 ssl:default [None]
WARNING:aiogram.dispatcher:Sleep for 4.915731 seconds and try again... (tryings = 15, bot id = 8922360706)
ERROR:aiogram.dispatcher:Failed to fetch updates - TelegramNetworkError: HTTP Client says - ClientConnectorError: Cannot connect to host api.telegram.org:443 ssl:default [None]
WARNING:aiogram.dispatcher:Sleep for 5.166327 seconds and try again... (tryings = 16, bot id = 8922360706)
INFO:aiogram.dispatcher:Connection established (tryings = 17, bot id = 8922360706)
